,0
0,4704.75841
1,4225.95923
2,1028.87355
3,71.12057
4,6423.08323
5,401.37533
6,2136.61356
7,681.1704
8,4679.16286
9,3762.24095
10,1063.93553
11,754.69276
12,1011.37482
13,1214.83951
14,3492.15253
15,1392.38855
16,9022.81503
17,663.89726
18,7316.68834
19,7406.00641
20,1852.53625
21,1419.78672
22,13962.5945
23,775.05161
24,1825.08727
25,30967.09857
26,4455.10874
27,618.17708
28,4381.76425
29,61949.25052
30,13590.70952
31,11156.58113
32,12536.56009
33,33215.35815
34,8680.31909
35,1054.21616
36,1238.51352
37,7035.4781
38,9886.36955
39,395.55474
40,6807.91696
41,31695.28654
42,3078.29571
43,7074.22703
44,1619.73352
45,336.03322
46,378.40712
47,570.19062
48,3536.34526
49,8746.7719
50,403.23472
51,342.35901
52,1962.95066
53,1399.91592
54,2009.41367
55,1738.77901
56,101.01069
57,700.76896
58,1131.17112
59,15164.94952
60,543.00958
61,1996.42022
62,4744.53565
63,12476.82676
64,2402.5844
65,3443.05462
66,515.24436
67,9764.93424
68,681.08215
69,57818.6932
70,1516.00384
71,4202.73087
72,1109.24565
73,20206.91574
74,1657.80226
75,936.99833
76,8091.67401
77,380.119
78,14755.0776
79,11617.93128
80,3951.87056
81,2932.7555
82,5755.34388
83,1647.86929
84,10865.06177
85,7559.32154
86,906.07678
87,3778.88754
88,397.67589
89,1194.61332
90,1934.50596
91,7912.30956
92,29074.86225
93,4715.2615
94,1988.14077
95,12312.19171
96,279.52624
97,6971.06147
98,11295.05613
99,38403.27205
100,10502.51144
101,3695.81244
102,9245.88193
103,860.23251
104,6767.61669
105,1129.34874
106,4091.34176
107,3388.40972
108,6917.87918
109,80.1738
110,7280.18347
111,14538.73456
112,17837.8805
113,732.31822
114,385.45505
115,559.27155
116,11613.23802
117,4733.458
118,597.63706
119,990.01648
120,6579.6744
121,2174.48576
122,12502.08592
123,5131.93484
124,586.11871
125,11738.38127
126,210.23074
127,241.03551
128,15165.28254
129,3332.42506
130,127.73962
131,836.55345
132,1173.51274
133,511.18866
134,4193.22209
135,814.66003
136,9452.66415
137,305.66332
138,2202.84269
139,776.76567
140,1866.12829
141,3425.61115
142,12313.53009
143,3203.13278
144,7290.00591
145,566.95784
146,29959.3879
147,2862.93303
148,429.97987
149,454.84345
150,575.29368
151,1237.99078
152,320.45961
153,1248.67488
154,1830.66252
155,21591.21853
156,1606.99275
157,18836.4123
158,2260.55287
159,493.1942
160,362.79627
161,20484.98732
162,29674.37576
163,694.55861
164,6544.38162
165,23587.12138
166,2537.34967
167,1245.73961
168,911.28823
169,357.16515
170,990.03333
171,4883.15955
172,668.37665
173,2965.35474
174,9612.028
175,741.69147
176,3755.87461
177,369.46115
178,10534.59435
179,12168.52615
180,1742.56985
181,1786.50365
182,14999.48722
183,3996.75218
184,1830.84041
185,1400.19492
186,3231.9437
187,908.57427
188,4411.83222
189,14877.29502
190,535.79059
191,4919.11416
192,655.50715
193,1122.35223
194,477.33233
195,732.21169
196,1098.50008
197,15079.32564
198,1995.59073
199,14343.63173
200,1360.51244
201,161.85975
202,2369.41655
203,165.78851
204,3354.07321
205,40084.9264
206,36921.05427
207,362.47158
208,4898.57403
209,19847.18759
210,26130.12201
211,1502.03677
212,1613.78594
213,6381.81948
214,37901.94018
215,984.75261
216,1591.11264
217,2490.16745
218,6596.50663
219,3307.08729
220,4929.08637
221,7074.15324
222,2043.78205
223,1274.39134
224,930.02507
225,12486.33751
226,14609.28571
227,240.6501
228,1794.34427
229,321.25861
230,1143.72401
231,7018.18071
232,13118.22571
233,2951.08143
234,4485.32295
235,2861.55342
236,449.34363
237,2818.35694
238,904.3231
239,156.72825
240,2514.62574
241,6731.01648
242,1364.88878
243,1352.2115
244,2113.20387
245,12614.2949
246,437.94724
247,435.43675
248,6545.99495
249,208.07397
250,2218.06955
251,7786.47639
252,63.35956
253,18320.91174
254,11859.53313
255,7914.4904
256,978.38814
257,2781.43517
258,2706.30427
259,542.76758
260,909.80162
261,1723.47842
262,516.21179
263,202.76022
264,9336.64835
265,13245.9814
266,1231.53892
267,421.21017
268,18537.41788
269,8986.72803
270,13590.70952
271,206.23202
272,2176.15884
273,2162.29608
274,616.95962
275,14765.30363
276,717.23132
277,805.66746
278,1805.95512
279,8949.00184
280,2361.67799
281,1929.76357
282,10086.26321
283,1220.96256
284,801.29798
285,12781.17322
286,3690.57342
287,19950.98894
288,54333.40102
289,11063.50816
290,2034.76546
291,3506.56249
292,422.43309
293,2051.18825
294,14044.63731
295,1305.34347
296,13522.21154
297,1002.27041
298,7660.30587
299,4106.33242
300,6474.34163
301,767.46174
302,5499.79411
303,613.19871
304,1210.46507
305,233.04907
306,8761.00639
307,2468.40127
308,8271.0169
309,3344.10811
310,173.64534
311,2732.39039
312,2960.35149
313,5157.88015
314,217.89191
315,136.66215
316,2072.9878
317,32916.20826
318,860.79467
319,4489.39752
320,3920.58942
321,781.22178
322,725.2364
323,378.0917
324,19707.36772
325,3705.9303
326,1332.63665
327,23184.34322
328,9326.00849
329,220.32805
330,1301.44309
331,186.46547
332,964.94816
333,5176.99459
334,345.19612
335,575.80428
336,20507.3112
337,8843.95353
338,11737.65955
339,9541.8402
340,145.89778
341,455.53315
342,2266.66184
343,513.11827
344,11081.25739
345,18164.46067
346,322.28014
347,2976.53677
348,3377.15399
349,506.46958
350,2666.09966
351,1723.14257
352,6260.2718
353,5997.09583
354,13812.37389
355,917.88061
356,373.80528
357,2384.44356
358,15090.2403
359,1479.35064
360,5402.06345
361,1773.11676
362,4491.85292
363,7224.12731
364,1691.22685
365,750.4543
366,187.39418
367,1032.15819
368,942.50352
369,923.29224
370,3350.68874
371,513.59596
372,618.15434
373,51959.14578
374,31614.82661
375,488.35429
376,12499.12129
377,612.07337
378,9218.35634
379,990.20509
380,2017.36858
381,18981.94962
382,477.227
383,1161.28555
384,9875.88936
385,683.52848
386,762.50497
387,1589.93212
388,26992.48961
389,3221.56849
390,4578.86186
391,8596.24466
392,2373.38198
393,1030.9514
394,736.82752
395,22051.6943
396,6459.29256
397,1470.36742
398,224.49382
399,2024.15117
400,19104.93536
401,12973.22877
402,9231.99484
403,5438.72372
404,997.35468
405,3040.64993
406,43772.46653
407,500.02095
408,1712.23897
409,494.32915
410,6861.74545
411,566.58882
412,25641.82302
413,6422.36746
414,4138.707
415,18649.96596
416,4296.45989
417,1145.95012
418,12146.51457
419,5558.68101
420,16540.99572
421,4296.77124
422,590.57498
423,1307.45343
424,30398.45459
425,6461.55886
426,906.72366
427,545.17691
428,512.73925
429,3303.68856
430,9012.62187
431,577.40916
432,2871.8316
433,2563.70514
434,9302.83958
435,1679.29034
436,8672.17899
437,5974.07113
438,9534.96483
439,598.45883
440,712.18989
441,367.14567
442,16467.78648
443,12600.05133
444,10464.45801
445,800.69072
446,27477.04905
447,7475.23827
448,7472.01342
449,932.45597
450,7633.94176
451,2361.78042
452,503.19073
453,2548.11629
454,52415.24575
455,7344.58924
456,15586.29259
457,910.28722
458,826.00903
459,3004.14394
460,17574.07883
461,17907.79941
462,8678.46082
463,2631.71715
464,1850.38247
465,2005.44744
466,3405.50297
467,4029.59211
468,1260.07846
469,4279.14452
470,5553.82193
471,4253.42365
472,18256.65479
473,748.27478
474,367.33962
475,12904.30035
476,9689.2459
477,8842.59419
478,41914.10813
479,893.09507
480,17373.82104
481,1225.22897
482,774.22788
483,1615.8639
484,6829.08107
485,8412.46328
486,6076.07963
487,8147.41879
488,557.94492
489,81494.27312
490,40071.19714
491,4907.93874
492,5615.29378
493,977.15731
494,2656.68175
495,4552.79638
496,6049.47295
497,990.15943
498,1307.73985
499,1251.06406
500,1241.40927
501,5391.14915
502,11142.40527
503,7271.42006
504,50703.51535
505,5081.88282
506,370.14592
507,2163.99424
508,796.52706
509,1719.02685
510,3517.82656
511,11806.64183
512,2827.53448
513,33021.2556
514,309.43851
515,1495.59329
516,8187.68786
517,14707.55734
518,2104.61571
519,2967.87257
520,1187.12255
521,1364.99819
522,654.41337
523,7914.62509
524,1268.25585
525,1943.46766
526,1526.21907
527,12896.52425
528,943.07699
529,24008.17637
530,10039.38425
531,371.21182
532,1871.27717
533,4222.69862
534,883.32447
535,2259.18322
536,2930.48947
537,1100.31436
538,5147.15401
539,9150.33485
540,1683.25917
541,448.92053
542,1712.73723
543,153.77563
544,5715.86844
545,447.73225
546,7706.76811
547,456.6456
548,4062.3718
549,1576.47695
550,1091.02366
551,12500.46626
552,1438.19285
553,1099.52274
554,6997.87872
555,1117.0683
556,1439.38081
557,11394.80521
558,6846.85954
559,2496.05134
560,436.34679
561,18081.18726
562,17992.94107
563,949.02939
564,3946.12125
565,7770.02371
566,902.229
567,5371.10248
568,9871.86731
569,396.16715
570,2025.17041
571,2128.58806
572,242.40124
573,5118.62899
574,1343.54663
575,217.49167
576,1171.52568
577,1227.80784
578,439.52582
579,13763.15903
580,1853.754
581,5460.46747
582,462.40941
583,15384.56254
584,2903.19735
585,16216.83816
586,1742.41488
587,2073.84264
588,5210.32513
589,1904.86757
590,1314.07573
591,156.12978
592,488.84972
593,488.85267
594,7522.01492
595,11890.17263
596,1706.61022
597,2203.80793
598,2014.60064
599,885.20848
600,428.86033
601,12838.90949
602,603.42453
603,2472.82829
604,19333.99669
605,9081.9876
606,455.74526
607,944.55938
608,576.97854
609,10272.79707
610,15873.93316
611,3264.19297
612,25933.70776
613,1190.77837
614,226.89563
615,2534.60008
616,9749.58778
617,37713.93483
618,950.97836
619,5823.81764
620,13786.99517
621,906.53552
622,519.25555
623,2381.6217
624,1036.61642
625,3059.59632
626,1517.54596
627,1230.47927
628,348.61514
629,842.11362
630,3996.35067
631,2193.32424
632,1100.30107
633,8945.56844
634,7429.99239
635,438.19038
636,284.33136
637,2014.62718
638,1542.27342
639,442.34562
640,705.04102
641,5662.42425
642,9835.08376
643,2788.34249
644,9976.597
645,1662.14912
646,336.43783
647,6185.00243
648,639.79137
649,756.48346
650,8566.25963
651,47129.63403
652,5083.14399
653,1687.98226
654,154.08254
655,2182.45066
656,5547.66651
657,9608.70946
658,1144.81013
659,648.94151
660,1299.95
661,7597.13432
662,10167.92161
663,10661.2164
664,1268.26629
665,1793.01691
666,1393.90746
667,56376.93923
668,1423.14693
669,5294.02656
670,783.13218
671,708.82257
672,1005.2052
673,3384.53163
674,603.1599
675,2804.31082
676,12535.29381
677,17769.24908
678,20575.30994
679,192.57061
680,12831.98993
681,601.47618
682,575.00035
683,2558.84009
684,14798.93248
685,2738.31891
686,4250.74154
687,598.63332
688,470.53732
689,445.42601
690,287.8178
691,651.4966
692,1662.68484
693,5562.39299
694,1276.61595
695,11952.21421
696,14869.14627
697,750.8936
698,5670.35972
699,151.78476
700,1876.2054
701,656.3404
702,5410.75377
703,260.83242
704,268.53836
705,11192.97225
706,753.56875
707,195.09226
708,10036.57383
709,4372.26083
710,412.7224
711,651.83861
712,4567.05017
713,393.25098
714,7412.89698
715,973.07551
716,622.16591
717,677.13181
718,903.7598
719,85.84497
720,764.99257
721,833.01829
722,209.90979
723,8488.67064
724,912.4932
725,11888.99774
726,797.05984
727,11452.57692
728,148.35716
729,6962.13122
730,2185.74918
731,15909.35332
732,7031.61683
733,13805.2783
734,740.11007
735,1021.31466
736,1203.84865
737,564.8698
738,550.92858
739,3517.96947
740,1082.01691
741,5640.14877
742,2731.21612
743,29334.97814
744,256.7773
745,443.45922
746,849.49315
747,52.35117
748,1273.58074
749,41685.96619
750,16182.38574
751,2664.1318
752,455.723
753,95.79346
754,9601.21137
755,3960.17107
756,4277.58027
757,2702.56437
758,7626.23444
759,152.73556
760,13270.88877
761,609.87408
762,1253.37111
763,181.44259
764,457.30112
765,1144.70329
766,2866.4731
767,15380.74551
768,32973.36
769,221.4704
770,593.34831
771,1501.25279
772,815.50932
773,1927.16767
774,20666.59808
775,2785.33009
776,1101.3653
777,565.85213
778,235.48966
779,2021.06101
780,7991.38811
781,140.69617
782,3858.83368
783,1784.46681
784,330.76665
785,26675.0365
786,808.56926
787,6860.4761
788,3975.39034
789,370.13393
790,304.03929
791,891.75465
792,6484.34042
793,1840.12379
794,11278.79708
795,3196.65943
796,23022.7578
797,405.35099
798,1770.43706
799,1525.00047
800,3611.95125
801,237.61354
802,1656.77144
803,803.79564
804,2332.1161
805,14122.99035
806,2716.36182
807,839.98879
808,3011.88375
809,3642.22521
810,1131.16615
811,12388.97056
812,1560.18647
813,798.11333
814,17700.41528
815,10745.9721
816,2578.78762
817,924.23397
818,469.35005
819,20938.18651
820,39181.53754
821,1178.35575
822,805.39063
823,7403.61207
824,26731.00607
825,1984.70351
826,639.24719
827,3016.65942
828,10746.72723
829,409.08701
830,47482.25268
831,16205.10864
832,9324.06318
833,17139.75057
834,1410.18089
835,29976.82688
836,938.28262
837,1012.10909
838,12370.1589
839,5431.61632
840,3873.95697
841,10100.9806
842,6632.89248
843,956.12153
844,140758.67503
845,9448.80409
846,382.5499
847,3064.50316
848,2234.90168
849,3061.73862
850,6670.81191
851,1484.01964
852,10811.32202
853,4624.38098
854,1237.3745
855,12955.6066
856,559.25927
857,2890.31468
858,3703.16445
859,9334.83405
860,3715.23546
861,504.99866
862,6276.41786
863,1053.54966
864,8781.40842
865,4411.19286
866,1705.90863
867,11428.25864
868,66784.92168
869,2385.06149
870,4030.64966
871,898.12042
872,9531.59441
873,776.51412
874,842.05538
875,2262.74677
876,763.87921
877,7045.1831
878,15952.64493
879,8915.59335
880,9447.24806
881,10684.71192
882,3831.96863
883,412.24144
884,846.06167
885,10891.37401
886,790.47118
887,11272.2109
888,121.23791
889,2370.19063
890,2016.45731
891,867.91469
892,652.77971
893,11508.10154
894,4353.24409
895,715.17656
896,924.8603
897,3884.27252
898,702.18187
899,1388.37898
900,13066.49066
901,1690.59656
902,921.8574
903,13126.69757
904,292.70792
905,3639.59881
906,8183.94449
907,148.17533
908,2045.78242
909,373.79522
910,124.37204
911,15089.94207
912,1742.5555
913,5479.75557
914,50764.73398
915,7551.82222
916,12917.7106
917,17850.77225
918,7444.14335
919,8948.02424
920,6950.67065
921,19013.65498
922,5565.67662
923,1853.754
924,6203.49099
925,795.15126
926,359.19322
927,514.128
928,562.54017
929,988.12257
930,20219.58812
931,948.54968
932,1191.4787
933,1083.72721
934,41416.79923
935,11630.80922
936,464.03234
937,2061.49724
938,13473.43882
939,805.15545
940,3681.33811
941,3782.15219
942,256.91661
943,3561.51704
944,13063.6934
945,37091.50245
946,15437.88017
947,6322.40539
948,3480.30762
949,2808.24856
950,393.00668
951,4587.63553
952,211.16441
953,21787.63574
954,589.69993
955,9000.54759
956,1323.70401
957,538.9066
958,1001.38988
959,2099.49202
960,755.62595
961,410.5947
962,3117.38804
963,160.29353
964,701.85313
965,2908.67081
966,8647.16357
967,9191.08929
968,4739.63623
969,2768.62008
970,593.11578
971,2758.75067
972,7195.30926
973,15534.04849
974,1540.54886
975,855.09003
976,5692.267
977,760.81529
978,11402.72743
979,1692.14998
980,186.47765
981,407.57524
982,679.69752
983,871.75299
984,3978.72645
985,760.22493
986,9636.22087
987,1986.80965
988,23201.86318
989,539.75072
990,655.43339
991,501.90868
992,3435.07416
993,192.15981
994,42668.54952
995,7864.83699
996,3549.95716
997,556.08328
998,504.42373
999,1212.6906
1000,1086.85218
1001,140758.67503
1002,7781.36563
1003,8611.65707
1004,958.04245
1005,1550.6579
1006,8559.85225
1007,1664.91168
1008,298.31965
1009,21102.16391
1010,24041.04337
1011,773.39526
1012,72142.70859
1013,4562.32401
1014,557.25831
1015,2522.79899
1016,1408.97604
1017,4024.77469
1018,210.14765
1019,9668.91072
1020,58087.40229
1021,2501.78706
1022,1197.6122
1023,21668.54423
1024,1444.56983
1025,531.89456
1026,25544.03526
1027,11812.2692
1028,220.42835
1029,1817.95445
1030,932.76521
1031,906.67289
1032,9782.14129
1033,5219.26569
1034,1522.21433
1035,472.82222
1036,11384.75079
1037,1277.87176
1038,354.0856
1039,10869.79877
1040,14961.04895
1041,597.09235
1042,339.57169
1043,889.21845
1044,386.08467
1045,1807.6463
1046,3713.67143
1047,800.45075
1048,25480.47745
1049,698.32955
1050,399.03921
1051,9103.52691
1052,1013.17924
1053,11997.89068
1054,5558.68101
1055,7142.98813
1056,1505.9504
1057,1102.0439
1058,910.85559
1059,531.15573
1060,4111.48896
1061,7341.00967
1062,860.24904
1063,160.57299
1064,226.67402
1065,178.76486
1066,473.41389
1067,691.81033
1068,615.28095
1069,602.93147
1070,174.20323
1071,16761.93786
1072,412.90983
1073,189.12654
1074,2050.05912
1075,5061.79388
1076,353.92197
1077,4089.21978
1078,14783.84522
1079,13614.36658
1080,12696.5677
1081,1364.25653
1082,790.105
1083,2159.81182
1084,18967.32461
1085,2854.51645
1086,523.32066
1087,8647.39144
1088,2527.13488
1089,1391.50596
1090,10994.24351
1091,6008.47815
1092,28380.9709
1093,267.4454
1094,690.81599
1095,2740.88772
1096,11992.7674
1097,9678.68774
1098,801.91936
1099,388.02806
1100,1102.14131
1101,456.72081
1102,4485.35496
1103,602.54334
1104,1635.36232
1105,2326.45645
1106,2876.33941
1107,19929.31443
1108,2527.68571
1109,4032.00409
1110,769.50238
1111,18913.79589
1112,8182.13409
1113,1782.90889
1114,124.96782
1115,10685.13426
1116,3570.26947
1117,4000.45979
1118,1621.59212
1119,1641.65076
1120,751.41401
1121,18913.79589
1122,407.64663
1123,7414.58196
1124,1357.39177
1125,1714.43712
1126,315.00035
1127,918.70385
1128,1186.83518
1129,695.61828
1130,6368.64598
1131,907.68088
1132,1568.73895
1133,11591.84906
1134,3232.26841
1135,279.89339
1136,22836.2577
1137,9141.75398
1138,1118.93536
1139,6943.43209
1140,852.90062
1141,998.33743
1142,2589.50118
1143,2918.59745
1144,631.20741
1145,21441.58403
1146,105426.59312
1147,1466.05684
1148,13512.78709
1149,38199.64997
1150,3134.12562
1151,7791.4579
1152,4025.73374
1153,716.87861
1154,12070.20455
1155,2509.21044
1156,1017.88011
1157,946.21758
1158,349.7442
1159,1068.77977
1160,901.63186
1161,1382.23563
1162,905.76595
1163,2323.65091
1164,333.78134
1165,3359.29188
1166,10976.04312
1167,1060.93469
1168,487.85615
1169,553.09625
1170,8666.11579
1171,118.56174
1172,7219.54023
1173,943.49592
1174,15642.0095
1175,1097.99424
1176,3025.09237
1177,1737.88101
1178,31622.11692
1179,7264.22232
1180,10399.72023
1181,2346.16068
1182,779.4658
1183,26673.36714
1184,520.73798
1185,789.19638
1186,28604.30426
1187,514.74648
1188,546.598
1189,187.26789
1190,378.76439
1191,4027.52427
1192,1189.5226
1193,862.72108
1194,64278.3822
1195,1308.18719
1196,3685.99334
1197,3854.60975
1198,664.63827
1199,700.17791
1200,178.91782
1201,460.72715
1202,4026.10946
1203,1028.23041
1204,3012.42283
1205,1024.42218
1206,27428.8517
1207,27991.53594
1208,5737.89484
1209,65430.84771
1210,1275.03304
1211,11281.84386
1212,1628.68305
1213,1277.47406
1214,204.89711
1215,1138.69948
1216,11306.06162
1217,2406.58685
1218,21299.32316
1219,18244.39134
1220,2041.74552
1221,10294.66794
1222,213.44845
1223,810.94622
1224,6214.89315
1225,41921.24183
1226,217.44201
1227,10975.28392
1228,2394.08027
1229,10566.27639
1230,24687.14322
1231,9188.83918
1232,36463.24505
1233,6943.97338
1234,1240.42897
1235,3711.32559
1236,637.92554
1237,1136.57979
1238,1960.31765
1239,710.28019
1240,900.36759
1241,1471.93422
1242,1169.57793
1243,1816.70137
1244,691.18889
1245,24672.99823
1246,12608.92226
1247,10482.68478
1248,3459.01804
1249,10739.85035
1250,689.69321
1251,734.29323
1252,3495.23278
1253,932.97006
1254,17206.61186
1255,825.00704
1256,533.01321
1257,1902.372
1258,8433.83138
1259,933.08121
1260,535.24407
1261,3154.39727
1262,6978.06067
1263,31133.36415
1264,746.47933
1265,11382.0761
1266,4832.1451
1267,5653.68974
1268,570.75309
1269,4358.7418
1270,8413.43779
1271,1150.44126
1272,2200.6223
1273,715.49308
1274,1042.33318
1275,647.72177
1276,209.2125
1277,782.61816
1278,1455.32841
1279,5864.67927
1280,693.13972
1281,1732.00346
1282,6347.72736
1283,849.57756
1284,6607.97089
1285,40402.08962
1286,441.10064
1287,1939.21849
1288,5694.52365
1289,7021.58744
1290,5332.3916
1291,5345.36683
1292,7781.89962
1293,2033.64202
1294,503.50575
1295,9301.26674
1296,1902.25712
1297,4274.40185
1298,2167.75153
1299,1127.83637
1300,366.16802
1301,3122.49041
1302,9429.32552
1303,342.12585
1304,636.15979
1305,4898.08193
1306,449.16458
1307,1089.15773
1308,982.44422
1309,1026.24875
1310,1467.44503
1311,486.02688
1312,2002.70355
1313,376.17763
1314,5311.7731
1315,260.82655
1316,5644.55037
1317,1177.54289
1318,19590.67536
1319,10830.90212
1320,7440.00061
1321,572.61323
1322,10200.85266
1323,1290.84949
1324,9520.51811
1325,1431.38111
1326,8079.85761
1327,795.49619
1328,4362.01885
1329,9850.98661
1330,2880.50164
1331,3087.61788
1332,37366.39113
1333,373.69284
1334,10917.48626
1335,1373.21326
1336,95.37171
1337,1979.87936
1338,7096.99431
1339,9784.08549
1340,38563.66511
1341,2351.98189
1342,456.28876
1343,3733.55723
1344,1027.77103
1345,12892.1496
1346,7492.74481
1347,3460.65911
1348,5461.73863
1349,1031.35162
1350,274.0316
1351,1726.77892
1352,1309.51648
1353,1209.93357
1354,1465.46138
1355,4494.19123
1356,395.77521
1357,787.64081
1358,3295.64212
1359,1360.35411
1360,939.39537
1361,2147.42852
1362,338.70576
1363,14413.48932
1364,960.05578
1365,13816.66637
1366,325.16125
1367,11760.63457
1368,3917.72788
1369,11717.81677
1370,303.03697
1371,9828.7093
1372,6258.77699
1373,1790.7357
1374,19251.70187
1375,6539.82044
1376,6471.31765
1377,2389.07278
1378,320.26686
1379,1972.72738
1380,1281.14506
1381,417.08514
1382,7086.257
1383,313.45231
1384,10027.98211
1385,904.09476
1386,6160.71176
1387,1302.92788
1388,8810.14881
1389,153.11184
1390,4314.72402
1391,667.96985
1392,4358.29196
1393,735.33682
1394,758.08279
1395,5183.74035
1396,2270.0328
1397,9079.62961
1398,5974.05802
1399,346.40919
1400,40929.43517
1401,817.95652
1402,13245.9814
1403,10779.568
1404,4884.30436
1405,100.87963
1406,906.61764
1407,1362.18576
1408,1258.619
1409,35104.85964
1410,2185.5416
1411,15999.28626
1412,8858.1322
1413,3628.94079
1414,615.55427
1415,85809.06932
1416,699.12588
1417,927.40396
1418,1786.05158
1419,2257.95819
1420,12280.12764
1421,10535.54284
1422,523.6043
1423,4242.18363
1424,132.2242
1425,13893.42724
1426,6643.77072
1427,7460.20905
1428,735.26052
1429,321.90263
1430,4381.76425
1431,19136.63603
1432,403.79184
1433,7860.36088
1434,1879.51048
1435,7037.61815
1436,4459.73118
1437,1832.29536
1438,858.94848
1439,10945.66791
1440,1255.52388
1441,11320.0231
1442,1160.8228
1443,6659.23863
1444,833.66838
1445,815.56797
1446,626.03818
1447,3787.86223
1448,4175.45394
1449,8311.7691
1450,296.62339
1451,4964.47695
1452,1489.64188
1453,6939.13371
1454,915.06061
1455,567.83157
1456,1840.81287
1457,5177.51471
1458,1504.06167
1459,348.0728
1460,1431.59958
1461,4630.99136
1462,423.52725
1463,6908.61124
1464,1283.60693
1465,13119.306
1466,1501.14319
1467,488.39558
1468,1150.88723
1469,1816.66845
1470,3288.3445
1471,1379.52703
1472,918.78102
1473,12910.23827
1474,1166.8049
1475,494.83471
1476,995.96985
1477,769.98876
1478,1465.16535
1479,25491.92241
1480,672.88699
1481,321.90263
1482,5185.35984
1483,429.71723
1484,429.56981
1485,4719.18224
1486,2008.10028
1487,12598.64031
1488,3076.461
1489,6462.43864
1490,4134.49446
1491,185.00361
1492,1298.73951
1493,459.11653
1494,6703.72021
1495,3536.62677
1496,596.24496
1497,11164.11709
1498,3858.9735
1499,2921.90315
1500,7174.42399
1501,647.22414
1502,62.84193
1503,7449.65423
1504,2134.72477
1505,1256.16643
1506,2659.48786
1507,459.93995
1508,11069.49838
1509,591.41919
1510,2371.89971
1511,1026.15467
1512,1054.98964
1513,960.43059
1514,3444.37043
1515,378.91163
1516,653.99317
1517,14286.89142
1518,163.78735
1519,263.72998
1520,492.90133
1521,1715.97195
1522,23006.10561
1523,5651.65094
1524,168.11305
1525,764.08221
1526,1259.8502
1527,57125.15013
1528,827.60313
1529,222.15329
1530,1244.18543
1531,477.10493
1532,2308.21492
1533,1662.03689
1534,1535.44574
1535,2044.33414
1536,508.11352
1537,2830.83029
1538,418.69653
1539,9979.71387
1540,730.44236
1541,338.35786
1542,5522.28221
1543,2003.33034
1544,3014.23258
1545,642.763
1546,2338.47624
1547,566.42088
1548,159.00002
1549,104816.37464
1550,276.89666
1551,60.40614
1552,723.94837
1553,8808.93007
1554,9035.19199
1555,19847.18759
1556,9675.97298
1557,716.64055
1558,2925.83736
1559,482.24087
1560,209.30452
1561,3413.73706
1562,4746.32278
1563,943.76116
1564,27162.78312
1565,1070.13952
1566,2130.02235
1567,1472.07968
1568,1827.82561
1569,104.3622
1570,4095.92854
1571,811.1684
1572,627.20985
1573,7620.87324
1574,13337.48395
1575,3277.36
1576,1566.2486
1577,1531.41006
1578,1010.96793
1579,10654.6399
1580,842.27313
1581,230905.26621
1582,8487.61753
1583,577.94924
1584,5967.14527
1585,411.8795
1586,110.79481
1587,2828.5017
1588,9295.7996
1589,1377.3552
1590,398.28021
1591,645.35931
1592,1375.63002
1593,16138.89594
1594,1222.96768
1595,332.56922
1596,485.54791
1597,59535.56216
1598,2141.99599
1599,1406.05988
1600,10381.26156
1601,1325.91862
1602,19943.14837
1603,1221.96437
1604,10255.48698
1605,16507.8845
1606,1112.69096
1607,1863.0881
1608,7880.57754
1609,1114.55988
1610,682.83388
1611,541.9226
1612,1069.63793
1613,676.27514
1614,1287.57897
1615,33029.81312
1616,30593.7293
1617,580.03118
1618,2624.98598
1619,6393.59854
1620,616.64471
1621,610.03849
1622,415.05432
1623,3021.4493
1624,2213.70727
1625,22754.78991
1626,2409.38009
1627,429.69505
1628,1149.92412
1629,22476.01842
1630,21372.22413
1631,1490.84451
1632,1451.41565
1633,1281.58541
1634,892.9578
1635,1218.01621
1636,12963.97344
1637,18780.88152
1638,2361.04149
1639,812.76642
1640,19032.70361
1641,1382.05732
1642,10772.48086
1643,6608.88512
1644,12667.22944
1645,3105.36999
1646,1117.45778
1647,599.39328
1648,12624.81141
1649,1305.19013
1650,4794.69361
1651,10002.50366
1652,5265.86692
1653,732.84949
1654,1221.68668
1655,1436.84732
1656,21486.90305
1657,507.31637
1658,17638.02474
1659,3783.1178
1660,1750.43385
1661,20953.15786
1662,428.15272
1663,6428.22286
1664,73232.62624
1665,2458.43166
1666,36627.31667
1667,7624.8446
1668,10937.04247
1669,678.38459
1670,956.10106
1671,2126.38882
1672,3463.57657
1673,3832.61872
1674,2730.05285
1675,116.76501
1676,1180.80355
1677,583.46276
1678,10378.73147
1679,1133.91238
1680,11068.6598
1681,1201.49423
1682,9214.5009
1683,1093.47191
1684,910.46115
1685,119150.55178
1686,1343.57245
1687,1569.94338
1688,5873.35603
1689,2616.88388
1690,729.31282
1691,528.63856
1692,6167.75055
1693,602.58072
1694,5809.57259
1695,7428.82591
1696,559.58665
1697,7120.13193
1698,3494.02798
1699,8133.11405
1700,3232.68188
1701,4105.59082
1702,3569.86181
1703,700.52548
1704,4738.61637
1705,3795.0619
1706,1675.83035
1707,13674.96573
1708,2516.62823
1709,1636.57028
1710,633.58658
1711,11644.08496
1712,1823.41981
1713,530.45287
1714,1414.9508
1715,544.24632
1716,249.19822
1717,240.31345
1718,9929.25744
1719,1314.45092
1720,899.13026
1721,2732.44739
1722,9409.96977
1723,2779.69804
1724,587.07739
1725,26873.22934
1726,8828.67304
1727,110830.58219
1728,1605.17467
1729,10672.40109
1730,4039.15334
1731,4385.32102
1732,20053.94597
1733,175.24636
1734,1685.96519
1735,4952.90209
1736,3005.88106
1737,13945.19009
1738,5713.33672
1739,347.69427
1740,25495.02938
1741,1099.76662
1742,1768.20691
1743,1269.2442
1744,378.20525
1745,923.49855
1746,26134.11019
1747,17419.73967
1748,3373.52398
1749,372.68343
1750,21179.0403
1751,23693.30706
1752,129.35473
1753,8349.80165
1754,3085.26606
1755,429.67429
1756,439.50483
1757,1322.70229
1758,1133.52214
1759,2153.01311
1760,328.30432
1761,3754.16568
1762,2685.01068
1763,5283.30733
1764,1090.2435
1765,12597.28477
1766,7477.47925
1767,275.43924
1768,15510.03554
1769,1060.9341
1770,6439.67747
1771,1519.67186
1772,1419.69085
1773,1315.93899
1774,12851.63091
1775,2090.80578
1776,5085.31549
1777,1325.40119
1778,396.18172
1779,4133.16914
1780,1462.28622
1781,289.28561
1782,14974.21244
1783,13989.78631
1784,7834.92104
1785,2088.48391
1786,1087.89923
1787,7907.09017
1788,4486.50257
1789,4542.77736
1790,778.5878
1791,706.59404
1792,326.12734
1793,416.85325
1794,3091.83462
1795,6456.67259
1796,3582.69984
1797,3330.87223
1798,2051.45627
1799,7167.23963
1800,15337.67547
1801,539.04389
1802,778.76007
1803,1117.17195
1804,2745.7974
1805,580.48097
1806,7785.48047
1807,5396.21545
1808,10639.25599
1809,427.71975
1810,1358.22141
1811,18957.68493
1812,112.8369
1813,8719.19554
1814,1232.17258
1815,1194.7058
1816,1285.2534
1817,74.84775
1818,1062.41393
1819,7926.47833
1820,1934.22243
1821,3554.82288
1822,1058.611
1823,1406.06142
1824,3566.51804
1825,2756.51164
1826,7559.96065
1827,4976.93671
1828,170.76646
1829,12906.25573
1830,12100.69743
1831,12271.74403
1832,10182.34449
1833,171.12617
1834,1836.08343
1835,565.48445
1836,1175.22121
1837,204.10686
1838,242.52037
1839,2110.69026
1840,2328.67596
1841,16333.36389
1842,4958.29688
1843,1434.98144
1844,9150.88743
1845,2064.48261
1846,730.23948
1847,345.00516
1848,2523.38905
1849,2055.97282
1850,12506.85001
1851,7066.05289
1852,529.56107
1853,45356.00637
1854,1570.04594
1855,1690.79797
1856,438.16945
1857,1608.23626
1858,1693.32366
1859,1784.54812
1860,2624.57963
1861,1706.15495
1862,1001.92712
1863,3325.95698
1864,2908.4297
1865,1522.86712
1866,555.93127
1867,7103.71827
1868,43092.88922
1869,448.19336
1870,34019.7135
1871,9336.10505
1872,450.0786
1873,20596.21707
1874,321.55133
1875,12231.77841
1876,8815.37387
1877,925.42201
1878,16577.28547
1879,10298.62479
1880,1570.85463
1881,2347.08306
1882,1636.17501
1883,15303.66251
1884,346.39873
1885,4141.24112
1886,1349.23727
1887,1600.99263
1888,594.40365
1889,1078.06155
1890,209.14429
1891,1599.87593
1892,1113.40465
1893,438.4801
1894,70.8058
1895,1583.66182
1896,6541.9893
1897,226.49888
1898,6000.87326
1899,10530.04967
1900,1513.80828
1901,127738.78039
1902,5665.85091
1903,5237.60978
1904,827.52317
1905,1422.14647
1906,94.57476
1907,4947.49416
1908,8800.73217
1909,1441.10841
1910,7004.78949
1911,1601.89817
1912,2434.14842
1913,2697.72607
1914,483.01453
1915,1524.45137
1916,563.58558
1917,1550.87158
1918,318.16151
1919,8054.38386
1920,9952.23796
1921,720.60773
1922,9318.10178
1923,1606.42383
1924,13119.24839
1925,10635.01647
1926,3432.48218
1927,1538.50102
1928,6832.17847
1929,565.09715
1930,2131.65186
1931,895.87296
1932,1340.77252
1933,815.34369
1934,16772.30247
1935,13874.78363
1936,7501.77496
1937,727.69948
1938,5721.04516
1939,1440.87108
1940,58343.0094
1941,56176.00094
1942,872.38686
1943,9552.79972
1944,1630.98612
1945,1200.67463
1946,8275.97674
1947,60318.01018
1948,977.21364
1949,1849.66848
1950,2114.60806
1951,17463.19099
1952,993.13181
1953,467.1763
1954,2116.03758
1955,6864.88781
1956,533.49624
1957,728.5649
1958,586.78901
1959,1472.99155
1960,6312.03948
1961,3709.40071
1962,2504.76917
1963,4625.07409
1964,663.05661
1965,285.5123
1966,579.41249
1967,3115.29059
1968,3076.83259
1969,13435.35569
1970,11888.99774
1971,875.66019
1972,315.81937
1973,13706.02098
1974,2076.25537
1975,1184.35343
1976,764.29323
1977,4902.25695
1978,1871.78061
1979,4889.06882
1980,3415.88166
1981,1194.67825
1982,12612.85459
1983,3592.13334
1984,271.43256
1985,885.12295
1986,1131.19534
1987,4809.88164
1988,3597.03909
1989,653.71499
1990,8318.6164
1991,666.87871
1992,459.47432
1993,1406.85825
1994,30952.10795
1995,49614.71754
1996,2841.53936
1997,38442.88558
1998,1027.05922
1999,872.78877
2000,1208.66091
2001,986.37144
2002,3985.95848
2003,598.3478
2004,5614.0331
2005,6284.87221
2006,493.65632
2007,10177.9406
2008,45461.10423
2009,9285.18081
2010,6556.68389
2011,1206.86674
2012,2337.32883
2013,2518.22583
2014,10337.97057
2015,1376.02202
2016,5013.6286
2017,11418.78901
2018,6167.82165
2019,386.64123
2020,1398.82043
2021,2586.21373
2022,10128.26663
2023,9079.3106
2024,646.2201
2025,385.22658
2026,9923.19783
2027,10130.83577
2028,843.49427
2029,16476.82943
2030,1177.29274
2031,1801.45567
2032,2974.59615
2033,36035.714
2034,221.30098
2035,1381.80317
2036,616.76456
2037,5195.3812
2038,2152.93274
2039,22635.50618
2040,572.26503
2041,1355.12608
2042,636.6573
2043,4666.7568
2044,2977.76093
2045,1414.40949
2046,60055.26694
2047,36339.62646
2048,304.10305
2049,16529.34026
2050,2616.18147
2051,5270.14712
2052,1387.95527
2053,483.42041
2054,11820.93592
2055,4464.95156
2056,371.23709
2057,12626.59967
2058,1007.31874
2059,4898.72463
2060,6321.95073
2061,343.40145
2062,536.16457
2063,894.21805
2064,4099.25104
2065,2195.09135
2066,3033.10594
2067,1408.97604
2068,1119.65306
2069,3928.23115
2070,16123.27461
2071,1323.83628
2072,317.7023
2073,13171.72741
2074,6146.86411
2075,491.59016
2076,476.48615
2077,3722.06415
2078,464.0489
2079,11040.11299
2080,6259.43329
2081,2176.67739
2082,15620.45348
2083,390.44631
2084,9089.60414
2085,18708.68351
2086,1517.15695
2087,10849.70759
2088,3070.6246
2089,3911.74047
2090,565.63503
2091,34361.88836
2092,410.82648
2093,16621.26311
2094,3240.60485
2095,1720.53839
2096,535.69207
2097,1134.18195
2098,4408.33381
2099,125.82363
2100,1549.87322
2101,1947.21189
2102,230905.26621
2103,5462.80616
2104,1316.90305
2105,709.93479
2106,302.87747
2107,404.7035
2108,387.50311
2109,26883.49928
2110,8715.46753
2111,12095.05217
2112,1993.33301
2113,445.1207
2114,8561.22922
2115,1015.56654
2116,1388.12367
2117,159.44301
2118,1622.41935
2119,2865.14368
2120,5639.70911
2121,3647.70398
2122,7952.6171
2123,10557.74126
2124,610.50216
2125,864.95802
2126,939.28553
2127,1597.71239
2128,1999.09075
2129,27924.5863
2130,690.20113
2131,11953.9597
2132,9662.21961
2133,15721.40086
2134,676.70483
2135,3234.15165
2136,4181.87943
2137,906.8043
2138,12868.05196
2139,706.22834
2140,1951.29432
2141,4927.60102
2142,87.12757
2143,34843.35613
2144,190.16505
2145,4506.3983
2146,1876.81526
2147,11523.29933
2148,292.34852
2149,469.87495
2150,1099.91999
2151,1544.64848
2152,968.51191
2153,15607.33878
2154,517.54573
2155,20303.18905
2156,1807.33274
2157,62800.57487
2158,5811.43546
2159,10082.48758
2160,503.96978
2161,611.16814
2162,1428.52444
2163,10656.5001
2164,31918.96675
2165,1612.78337
2166,9902.2303
2167,525.43191
2168,8343.19433
2169,2102.93067
2170,666.28259
2171,3791.44267
2172,36607.49591
2173,10366.75042
2174,269.61996
2175,24743.23381
2176,4840.42611
2177,438.88927
2178,657.27789
2179,1577.9619
2180,1141.93846
2181,1119.96044
2182,2286.55495
2183,177.94132
2184,1189.23987
2185,3127.63033
2186,3491.4701
2187,2003.7659
2188,1612.6426
2189,5511.73923
2190,139.67884
2191,4481.73428
2192,994.60278
2193,432.56361
2194,7846.86599
2195,6411.92565
2196,633.34002
2197,26530.91987
2198,264.63788
2199,124.83363
2200,869.4875
2201,5263.66455
2202,16847.53138
2203,6063.61713
2204,1503.62411
2205,8290.3234
2206,583.5028
2207,795.52458
2208,3005.55435
2209,865.21447
2210,10879.14757
2211,21949.90128
2212,1199.30176
2213,1608.43404
2214,2705.89425
2215,722.1653
2216,636.66849
2217,2044.33414
2218,16422.21336
2219,261.48806
2220,1036.93573
2221,9817.18534
2222,490.49812
2223,552.25763
2224,20308.78513
2225,3417.50977
2226,4099.78217
2227,1092.66661
2228,419.41061
2229,1241.2321
2230,12515.71029
2231,2397.36828
2232,926.70214
2233,28057.78351
2234,1009.42953
2235,8680.86235
2236,1194.78713
2237,25137.18927
2238,762.40703
2239,8810.93237
2240,2724.52061
2241,2900.81719
2242,764.49507
2243,519.96441
2244,1060.35474
2245,129914.59727
2246,12698.89594
2247,674.28071
2248,171.12128
2249,10388.50194
2250,1845.02265
2251,9166.5696
2252,6643.82543
2253,826.97275
2254,594.80907
2255,3144.01036
2256,6219.16966
2257,1796.20207
2258,1285.08478
2259,10067.75292
2260,1164.78187
2261,2604.36224
2262,34869.99287
2263,4153.66597
2264,879.59069
2265,11501.29306
2266,956.77366
2267,86.9294
2268,6872.74246
2269,387.99419
2270,938.03489
2271,18389.67487
2272,661.59892
2273,2238.15292
2274,912.22774
2275,1228.37619
2276,12131.98663
2277,34341.44592
2278,1088.69982
2279,3664.0047
2280,36042.59909
2281,8105.38078
2282,1154.38773
2283,6274.47483
2284,691.74273
2285,469.12903
2286,52400.45755
2287,2035.84257
2288,2468.01646
2289,842.69355
2290,9975.83574
2291,3895.38745
2292,454.71962
2293,898.12929
2294,10263.61999
2295,15467.97903
2296,393.00344
2297,22505.57708
2298,6840.27732
2299,246.17337
2300,5627.52682
2301,545.35682
2302,881.85733
2303,562.8772
2304,22941.05289
2305,260.27628
2306,1609.23423
2307,3059.59632
2308,5844.46621
2309,2107.84287
2310,4112.25645
2311,69083.91266
2312,12466.05028
2313,726.6045
2314,5819.49669
2315,17858.33922
2316,2787.12582
2317,2207.00666
2318,7584.83248
2319,393.79712
2320,1210.6877
2321,16968.55168
2322,43236.25259
2323,247.35492
2324,1409.58801
2325,4629.94659
2326,1439.85816
2327,67.94642
2328,478.63568
2329,3537.53552
2330,1417.36787
2331,5943.90599
2332,924.92833
2333,670.58182
2334,6685.96471
2335,5088.71696
2336,4427.90478
2337,766.49921
2338,115.8592
2339,6426.26106
2340,1113.4181
2341,4417.3724
2342,3532.21641
2343,2657.86483
2344,1168.90908
2345,1107.4209
2346,1506.40683
2347,18597.37371
2348,4488.78142
2349,57289.7787
2350,4212.0346
2351,17246.08496
2352,310.4816
2353,23839.48804
2354,9521.45371
2355,799.65227
2356,689.79961
2357,158.2135
2358,1313.12095
2359,4028.47733
2360,1762.0933
2361,782.6912
2362,4166.52835
2363,16145.01044
2364,465.81617
2365,2285.81069
2366,5207.9144
2367,142.11857
2368,290.7325
2369,1651.04494
2370,22763.48594
2371,4660.77336
2372,10826.08698
2373,3540.56445
2374,1866.27172
2375,3359.57405
2376,202078.69775
2377,21379.17114
2378,4733.09941
2379,1720.0728
2380,9120.09918
2381,44276.71424
2382,4075.35194
2383,802.11353
2384,1518.31928
2385,2192.43099
2386,10733.02501
2387,6433.53614
2388,8919.11317
2389,6299.49416
2390,1099.62475
2391,57125.15013
2392,12290.91883
2393,640.47313
2394,2199.42299
2395,176.57333
2396,566.75868
2397,608.76653
2398,9498.78476
2399,13553.09846
2400,23100.16255
2401,793.25858
2402,511.23637
2403,23875.08609
2404,7600.37145
2405,998.5819
2406,2432.03265
2407,146.72879
2408,4159.22672
2409,2726.45375
2410,25535.93117
2411,491.84904
2412,12903.06776
2413,1790.51747
2414,132.80553
2415,712.0945
2416,3932.69767
2417,416.16295
2418,735.83675
2419,542.03983
2420,16810.66849
2421,14935.90454
2422,2713.2395
2423,11894.11586
2424,405.62257
2425,227.64423
2426,1823.74717
2427,1033.39702
2428,54949.77465
2429,6223.86595
2430,22018.01716
2431,2678.42845
2432,227.43238
2433,869.079
2434,7835.86306
2435,2219.49347
2436,5391.14915
2437,2002.65738
2438,50902.42492
2439,3740.03356
2440,121.89192
2441,5241.49005
2442,9418.24914
2443,1358.31238
2444,3398.39116
2445,2640.27968
2446,207.5297
2447,2769.57779
2448,13336.42962
2449,3511.77741
2450,35170.86983
2451,241.97644
2452,1510.38325
2453,143.63678
2454,6729.11004
2455,179.17279
2456,586.17888
2457,955.0136
2458,643.6811
2459,1210.23517
2460,8685.12863
2461,27074.49993
2462,13967.99182
2463,1270.46626
2464,1447.82654
2465,1929.22758
2466,3458.17882
2467,2721.63693
2468,6468.1992
2469,31245.65264
2470,51470.04255
2471,1231.04885
2472,771.2774
2473,5213.00597
2474,13931.41678
2475,3234.27061
2476,6368.64598
2477,538.17871
2478,12242.70186
2479,39496.9299
2480,7124.27647
2481,1401.4515
2482,7713.76489
2483,1039.17589
2484,1749.58938
2485,1345.48196
2486,414.14412
2487,6380.66694
2488,1364.96297
2489,747.88915
2490,21566.03348
2491,259.37552
2492,508.16875
2493,956.98799
2494,16008.14225
2495,3051.11073
2496,5853.50509
2497,14374.24835
2498,83291.35694
2499,2164.24254
2500,1002.20163
2501,1068.06126
2502,4733.76464
2503,18920.19307
2504,362.47158
2505,11566.60006
2506,2197.42679
2507,12688.97251
2508,1223.04758
2509,3782.9392
2510,46132.87543
2511,8384.14105
2512,1568.31271
2513,12509.73406
2514,109.64239
2515,372.76876
2516,3726.76065
2517,5904.91662
2518,510.57108
2519,240.04816
2520,295.56682
2521,8091.67401
2522,1211.31728
2523,7016.08123
2524,2001.28687
2525,80.08923
2526,136.60394
2527,215.28193
2528,8478.44788
2529,7099.43369
2530,234.95686
2531,734.67144
2532,7750.75443
2533,2329.89715
2534,2243.18394
2535,3381.92766
2536,1099.83666
2537,5213.95619
2538,1502.89459
2539,7509.1916
2540,1049.5255
2541,857.25683
2542,214.89109
2543,19079.19368
2544,584.78714
2545,360.68628
2546,386.24494
2547,967.26961
2548,4366.11084
2549,36840.10812
2550,676.88131
2551,494.23417
2552,103.53419
2553,183.10475
2554,4351.73397
2555,222.16719
2556,16895.34213
2557,14169.74198
2558,1968.78816
2559,1134.14522
2560,7532.18017
2561,1246.43327
2562,2069.54585
2563,102.08051
2564,1271.83262
2565,734.86264
2566,19818.16093
2567,113.28602
2568,2591.01846
2569,1548.14951
2570,1207.37104
2571,84601.05784
2572,11967.4729
2573,1869.1488
2574,10510.43644
2575,244.86193
2576,970.00286
2577,15317.17791
2578,18154.4915
2579,8091.94942
2580,9143.16433
2581,1798.99977
2582,598.82001
2583,15376.23723
2584,39567.85351
2585,13925.88069
2586,13629.0684
2587,9403.54045
2588,160.85294
2589,1389.65776
2590,1975.18187
2591,3767.42038
2592,1348.27544
2593,353.12354
2594,7402.79517
2595,155.07899
2596,7928.06242
2597,29566.56533
2598,441.97326
2599,3478.94943
2600,519.48906
2601,2595.3918
2602,1816.91481
2603,3340.03135
2604,12992.75782
2605,5367.39734
2606,1309.07299
2607,2033.95465
2608,402.19144
2609,3675.84112
2610,5311.78768
2611,439.62307
2612,684.99312
2613,588.87402
2614,6842.33922
2615,1775.63772
2616,660.28688
2617,252.78842
2618,6111.17816
2619,586.22393
2620,310.48484
2621,15072.85345
2622,2864.96595
2623,4768.1978
2624,976.01
2625,137.55235
2626,6197.68719
2627,16442.02323
2628,10008.35895
2629,1806.22382
2630,38600.05344
2631,382.9956
2632,11946.10044
2633,1085.82284
2634,4392.3974
2635,4394.67188
2636,10561.28899
2637,1578.7686
2638,5321.3376
2639,438.22863
2640,1846.75244
2641,8665.08348
2642,17440.44645
2643,19648.5358
2644,5577.22593
2645,2063.77892
2646,660.88887
2647,7531.95689
2648,324.35968
2649,425.55164
2650,1807.6463
2651,1133.26206
2652,1253.45162
2653,9123.3892
2654,28168.62721
2655,2164.71071
2656,1071.26279
2657,8606.78427
2658,978.46226
2659,548.6947
2660,12089.10426
2661,9409.33955
2662,5913.64967
2663,2695.68455
2664,419.05526
2665,6156.84047
2666,806.48612
2667,11599.47526
2668,2464.31361
2669,2884.32943
2670,1729.15711
2671,472.8596
2672,3059.04376
2673,52015.14097
2674,3693.47991
2675,1152.18255
2676,7983.76695
2677,251.03223
2678,11350.82649
2679,7150.07753
2680,2706.08291
2681,98276.51793
2682,646.01578
2683,830.70386
2684,680.8728
2685,186.32108
2686,21196.34812
2687,966.68833
2688,25836.45212
2689,1040.19185
2690,738.0084
2691,11021.76406
2692,416.91024
2693,826.99772
2694,2656.52716
2695,966.44318
2696,7037.9311
2697,2820.64466
2698,5558.82138
2699,1530.38221
2700,2484.09696
2701,28431.809
2702,11611.9885
2703,1152.04466
2704,269.18175
2705,3293.80987
2706,577.46337
2707,4419.1309
2708,831.68812
2709,7875.63848
2710,3404.57019
2711,6978.88818
2712,4117.90418
2713,484.30442
2714,995.18828
2715,7159.8109
2716,6634.40015
2717,1161.9679
2718,20382.16696
2719,706.7306
2720,500.62934
2721,1401.69695
2722,731.58248
2723,597.55275
2724,2423.60921
2725,3150.88561
2726,681.38545
2727,518.6641
2728,6915.98056
2729,400.85719
2730,33205.76817
2731,83.75446
2732,2846.79499
2733,442.16984
2734,466.26467
2735,9688.91612
2736,57073.86736
2737,3137.53076
2738,218.38421
2739,14250.31057
2740,484.92244
2741,493.81597
2742,8094.31308
2743,22142.87035
2744,3202.13413
2745,8104.1839
2746,11911.92894
2747,2570.17053
2748,1086.70721
2749,781.17075
2750,9064.02153
2751,3585.41509
2752,1230.90694
2753,2203.00595
2754,2614.18875
2755,455.98326
2756,1511.56362
2757,988.73791
2758,3983.07328
2759,3804.30891
2760,6709.01811
2761,28619.25758
2762,2292.25218
2763,4713.72414
2764,1625.76282
2765,939.34741
2766,1605.74492
2767,445.24485
2768,107.6502
2769,23644.37281
2770,1525.91328
2771,304.26754
2772,204.49167
2773,920.11054
2774,9408.05859
2775,1719.98781
2776,479.55623
2777,14137.79126
2778,4869.71268
2779,1171.65496
2780,7527.30244
2781,11025.6372
2782,2471.97455
2783,17002.92293
2784,10871.94721
2785,18346.31521
2786,2201.647
2787,6348.58467
2788,1417.50171
2789,1165.9744
2790,58691.43318
2791,11405.9705
2792,12754.3699
2793,9148.50653
2794,691.0174
2795,6507.93466
2796,901.56603
2797,5558.99838
2798,805.79485
2799,73776.8993
2800,503.23466
2801,253.09516
2802,655.66803
2803,1481.60196
2804,1178.35575
2805,1125.79067
2806,872.89035
2807,907.90016
2808,11180.6773
2809,47431.39762
2810,8718.31484
2811,15262.75211
2812,2390.11569
2813,6898.46947
2814,18718.03216
2815,7030.39325
2816,12156.74787
2817,118.1522
2818,641.28972
2819,6090.96813
2820,330.33766
2821,37875.35768
2822,152.39719
2823,1376.80182
2824,3401.91906
2825,15482.35349
2826,20323.99819
2827,655.2294
2828,2745.01216
2829,14690.53077
2830,1155.13198
2831,2613.27903
2832,1799.98963
2833,972.02478
2834,253.52681
2835,18501.87441
2836,46548.81918
2837,793.428
2838,2844.78278
2839,16472.94035
2840,6803.59789
2841,2062.03262
2842,6208.13455
2843,491.07632
2844,16072.05377
2845,65803.02938
2846,3277.64609
2847,1442.94502
2848,24228.70893
2849,5067.00129
2850,17518.59526
2851,727.71067
2852,3877.62943
2853,1352.30133
2854,3471.34501
2855,4719.83774
2856,4512.07952
2857,59564.46163
2858,7972.99662
2859,560.44963
2860,1394.04444
2861,10792.87933
2862,1070.39099
2863,33030.28457
2864,8200.42273
2865,770.53213
2866,18994.66713
2867,549.36171
2868,3011.77297
2869,256.10746
2870,1024.61847
2871,569.75881
2872,5561.306
2873,43726.73699
2874,3520.29358
2875,694.14807
2876,8026.23165
2877,1554.33893
2878,8943.73194
2879,193.28096
2880,79.481
2881,2024.6635
2882,2619.4797
2883,6740.70854
2884,558.583
2885,1244.27696
2886,8468.57215
2887,1250.82645
2888,42806.13001
2889,1638.57234
2890,981.34727
2891,1922.52769
2892,2007.45878
2893,911.03212
2894,2683.24245
2895,1416.79141
2896,18240.38547
2897,8536.67444
2898,664.6671
2899,4652.85335
2900,9027.61609
2901,603.42188
2902,6812.49308
2903,7718.52615
2904,10233.91284
2905,7177.82776
2906,9719.14858
2907,596.22859
2908,261.40926
2909,22168.60734
2910,11210.12912
2911,5607.5308
2912,8150.51006
2913,9530.5741
2914,10833.57812
2915,928.53235
2916,4052.37518
2917,522.31696
2918,102.94363
2919,34980.58409
2920,1416.60319
2921,3481.11972
2922,9955.01384
2923,1385.7793
2924,9505.54533
2925,5318.13098
2926,1069.73365
2927,87.71885
2928,227.49419
2929,2751.67646
2930,814.38816
2931,31586.72259
2932,6984.57992
2933,893.63652
2934,2553.79219
2935,1573.11393
2936,1588.46207
2937,358.75159
2938,525.57875
2939,72656.62093
2940,10209.09927
2941,3155.01727
2942,15013.26146
2943,336.63256
2944,6316.23027
2945,1326.53603
2946,10470.38829
2947,49569.85054
2948,643.62492
2949,26491.85641
2950,3934.82915
2951,2009.8958
2952,2394.69282
2953,32725.11143
2954,353.72462
2955,604.71387
2956,203.84159
2957,7075.38832
2958,1004.27027
2959,1070.1783
2960,10588.81858
2961,54944.34498
2962,9378.86589
2963,60112.00054
2964,127.64618
2965,1505.98513
2966,9258.9156
2967,23570.37154
2968,14053.05939
2969,228.04299
2970,1161.07009
2971,3858.9735
2972,863.52897
2973,826.63323
2974,1720.24561
2975,1910.11705
2976,55753.43251
2977,4894.21406
2978,8533.73654
2979,2893.07055
2980,4398.48541
2981,572.93396
2982,2192.78969
2983,958.2639
2984,8303.49596
2985,5356.21197
2986,3040.65995
2987,832.41166
2988,4349.83512
2989,3176.35333
2990,767.78665
2991,1469.6153
2992,8505.93522
2993,2015.19353
2994,2155.91678
2995,2133.16317
2996,1183.90488
2997,4940.69779
2998,111.66275
2999,27902.30535
3000,8752.93958
3001,207.49028
3002,492.20235
3003,7794.57244
3004,435.41069
3005,2989.12759
3006,2162.59999
3007,3253.80355
3008,786.83998
3009,13255.10333
3010,500.45183
3011,3258.79464
3012,7576.61737
3013,1195.35988
3014,1179.29153
3015,22570.53487
3016,46135.56006
3017,2625.4486
3018,4951.40685
3019,5168.1775
3020,7587.38123
3021,2906.34201
3022,585.68866
3023,2457.15929
3024,1092.79079
3025,7822.04092
3026,3411.73988
3027,3197.96359
3028,12071.901
3029,703.93492
3030,723.8065
3031,190.16505
3032,184.65274
3033,520.85148
3034,1391.48686
3035,1374.12574
3036,584.78714
3037,2568.70495
3038,10881.96692
3039,763.28354
3040,2165.89347
3041,456.91166
3042,16074.33033
3043,473.49368
3044,360.90039
3045,748.76706
3046,1047.58331
3047,54261.50374
3048,3151.23677
3049,1032.38373
3050,13448.13652
3051,549.47512
3052,462.83252
3053,4236.43522
3054,3410.38412
3055,106.49862
3056,5278.50351
3057,9933.47737
3058,8448.28935
3059,8242.78172
3060,180.29001
3061,1111.92828
3062,2738.56396
3063,6026.23062
3064,13110.623
3065,4096.85281
3066,7165.73674
3067,769.07836
3068,2074.4131
3069,605.6255
3070,10769.59528
3071,39742.22923
3072,944.1296
3073,569.15796
3074,1204.68166
3075,1975.78702
3076,277.42419
3077,1528.51487
3078,10431.92436
3079,5298.31801
3080,589.26111
3081,3976.01674
3082,463.52084
3083,5899.99781
3084,1149.62872
3085,2691.00629
3086,12477.44323
3087,793.54605
3088,200.39925
3089,795.25342
3090,439.78142
3091,1296.11625
3092,1075.78008
3093,828.22126
3094,3918.37531
3095,16892.20741
3096,789.67614
3097,1192.31493
3098,965.57558
3099,307.54444
3100,823.83031
3101,425.72361
3102,5631.08075
3103,700.76896
3104,753.80418
3105,626.82502
3106,187.04483
3107,167.86368
3108,7391.59519
3109,110355.68337
3110,612.46058
3111,423.80635
3112,9336.10505
3113,13296.00356
3114,1656.15489
3115,410.63888
3116,1348.10373
3117,35376.98656
3118,1655.11147
3119,13013.88793
3120,8281.12595
3121,11166.61795
3122,1576.43022
3123,762.4246
3124,3096.69796
3125,42617.51544
3126,8454.38579
3127,24370.53925
3128,1647.74807
3129,5012.05173
3130,682.96022
3131,12498.53119
3132,1530.29148
3133,3070.84881
3134,27773.32232
3135,8677.39845
3136,1114.12003
3137,726.99313
3138,23103.07949
3139,1291.99304
3140,2158.09562
3141,10933.83669
3142,10866.46953
3143,759.031
3144,6634.36373
3145,10958.17365
3146,33478.49823
3147,480.92031
3148,7854.89115
3149,540.95509
3150,5185.16343
3151,1021.46998
3152,14401.62515
3153,1542.19299
3154,32654.47595
3155,717.63896
3156,438.43509
3157,2557.79517
3158,372.62983
3159,9594.072
3160,9083.61811
3161,24370.53925
3162,991.39738
3163,208.90515
3164,719.29159
3165,3681.37247
3166,880.10994
3167,189.77448
3168,10772.48086
3169,2339.94149
3170,4137.54159
3171,1946.92864
3172,20954.28517
3173,1019.2512
3174,6592.2493
3175,1391.81232
3176,9456.84766
3177,8748.49111
3178,1674.81682
3179,152.76257
3180,6937.17974
3181,16822.63315
3182,861.7105
3183,10990.70721
3184,2881.87456
3185,1964.02534
3186,5572.99003
3187,22292.77237
3188,8865.34199
3189,476.38807
3190,3219.08814
3191,7961.07819
3192,1015.19195
3193,20957.04619
3194,501.26461
3195,413.07239
3196,213.14576
3197,2076.53123
3198,365.36222
3199,1519.3949
3200,1344.02245
3201,417.85198
3202,573.85186
3203,2074.62493
3204,17255.46057
3205,19378.96719
3206,1424.74554
3207,4126.70522
3208,69.998
3209,3960.07977
3210,151.14699
3211,268.18508
3212,4227.00566
3213,14258.80901
3214,5436.03721
3215,15566.18057
3216,1048.17756
3217,820.83048
3218,1458.82879
3219,265.01108
3220,3940.54038
3221,1435.61653
3222,4146.0591
3223,769.20377
3224,1277.53648
3225,561.71159
3226,1307.27544
3227,1692.75391
3228,1895.96312
3229,1162.65001
3230,623.2862
3231,10995.77666
3232,2747.42586
3233,2878.47034
3234,427.43925
3235,5294.82585
3236,478.46334
3237,2779.87659
3238,10816.5225
3239,4657.48152
3240,331.96709
3241,97.39846
3242,7834.24148
3243,1322.7829
3244,2403.10809
3245,84.89652
3246,380.51945
3247,24436.26468
3248,98576.62324
3249,3595.75577
3250,487.85615
3251,5872.46618
3252,1179.68975
3253,126998.99868
3254,69.55236
3255,1942.23469
3256,5801.1047
3257,3155.01727
3258,7947.74197
3259,1001.31622
3260,913.18726
3261,13759.01914
3262,1302.27928
3263,2272.84223
3264,2568.14094
3265,656.5249
3266,17309.71164
3267,15273.09521
3268,5416.55508
3269,7512.43249
3270,2265.44022
3271,495.64381
3272,43079.07569
3273,16039.00073
3274,6655.29521
3275,686.38327
3276,2771.18841
3277,8218.34619
3278,621.89034
3279,2043.93577
3280,7375.56388
3281,1716.38272
3282,911.8362
3283,171.79514
3284,1227.15082
3285,1438.62321
3286,786.4211
3287,39951.09108
3288,8096.89967
3289,143.86793
3290,1476.29045
3291,1477.46851
3292,1686.26417
3293,5822.93529
3294,5539.25802
3295,880.53764
3296,2605.07577
3297,24404.5722
3298,1179.26952
3299,29204.66267
3300,6341.68068
3301,2695.44926
3302,2171.97318
3303,1101.29033
3304,935.6218
3305,6849.27687
3306,1658.33111
3307,874.21778
3308,511.99218
3309,4268.69414
3310,151.98287
3311,499.82307
3312,1484.70414
3313,12159.65799
3314,1985.23419
3315,1408.08061
3316,3392.99999
3317,9956.96507
3318,5858.61671
3319,4527.01098
3320,673.55853
3321,549.44435
3322,2227.67827
3323,1089.25041
3324,10978.38131
3325,2040.18138
3326,8673.87402
3327,39894.32675
3328,468.50902
3329,61067.47928
3330,2092.47881
3331,44264.80541
3332,4924.77765
3333,1152.84182
3334,396.51941
3335,13342.1855
3336,2059.08583
3337,2924.40496
3338,4009.45221
3339,4339.59088
3340,35234.10262
3341,9472.27933
3342,1089.83419
3343,957.52927
3344,4679.49167
3345,827.62902
3346,22781.31318
3347,1426.1596
3348,868.6068
3349,6768.37094
3350,946.63635
3351,753.09563
3352,636.61571
3353,1409.68552
3354,6317.13188
3355,15137.418
3356,81.53045
3357,1227.65147
3358,4283.78193
3359,1754.54771
3360,3012.41456
3361,1308.713
3362,3813.54494
3363,1181.84637
3364,1950.38186
3365,796.86952
3366,3511.80055
3367,15285.15704
3368,2826.60017
3369,1124.93316
3370,5416.21907
3371,1493.33547
3372,8825.64434
3373,1859.75269
3374,15064.5645
3375,113558.12674
3376,12922.27837
3377,2623.38256
3378,830.70295
3379,29224.35752
3380,747.12956
3381,5932.08257
3382,559.77285
3383,443.52398
3384,2950.36058
3385,39469.05542
3386,735.53223
3387,5991.46209
3388,259.92745
3389,386.11583
3390,1316.06975
3391,2331.25207
3392,206.10299
3393,17121.44973
3394,446.28196
3395,1432.8222
3396,1371.63934
3397,425.30781
3398,18924.78459
3399,5418.00638
3400,15176.89262
3401,11251.90713
3402,473.85019
3403,918.70788
3404,491.13375
3405,3316.00988
3406,1453.84632
3407,1053.13273
3408,21739.31929
3409,4216.76132
3410,2739.24058
3411,4286.24252
3412,10110.77822
3413,1748.84708
3414,8091.79394
3415,28633.18124
3416,20284.16056
3417,940.22809
3418,495.86861
3419,1228.44767
3420,4947.34206
3421,7251.05822
3422,3841.52699
3423,1944.26055
3424,881.17644
3425,352.85979
3426,1285.52861
3427,6577.11031
3428,2874.49094
3429,14634.29802
3430,7467.92896
3431,1491.31928
3432,8957.25425
3433,89.11197
3434,24582.03584
3435,8470.21343
3436,2195.46375
3437,444.31699
3438,988.18658
3439,1095.15643
3440,17862.22197
3441,11993.16244
3442,644.02431
3443,8974.54063
3444,2030.96436
3445,1179.84325
3446,1209.5424
3447,13058.24405
3448,26414.33698
3449,1305.91903
3450,17311.46022
3451,953.74673
3452,8857.4271
3453,1617.45788
3454,214.50226
3455,3622.88952
3456,460.12683
3457,3672.19647
3458,7051.75731
3459,8050.7147
3460,1747.85368
3461,6978.93032
3462,23524.60969
3463,2239.21599
3464,349.45728
3465,1212.00774
3466,184.45477
3467,779.55396
3468,4426.02372
3469,2624.80729
3470,1171.32954
3471,11506.21901
3472,2326.56757
3473,623.09803
3474,1739.60871
3475,872.11822
3476,34758.11023
3477,1540.16917
3478,444.59197
3479,1621.79332
3480,12477.44323
3481,882.13817
3482,3831.773
3483,3165.99667
3484,994.76496
3485,5528.30022
3486,15555.17785
3487,5280.43379
3488,3316.76726
3489,22841.07227
3490,7895.11856
3491,305.22717
3492,689.65232
3493,1071.60394
3494,829.69435
3495,1172.87384
3496,2182.94075
3497,4845.88194
3498,1142.696
3499,7100.04172
3500,47343.67585
3501,5935.83535
3502,2856.2533
3503,4610.82145
3504,873.81377
3505,7498.35342
3506,300.65329
3507,977.64183
3508,13169.11005
3509,6852.62042
3510,2575.52791
3511,1404.96884
3512,53876.75664
3513,1419.5607
3514,208.84529
3515,310.27014
3516,50112.64861
3517,9230.24142
3518,50267.55322
3519,439.67279
3520,5449.12405
3521,1553.67265
3522,482.53429
3523,2146.89808
3524,4066.20502
3525,16619.1828
3526,2788.50782
3527,22365.73367
3528,1489.03358
3529,4382.41378
3530,5226.66045
3531,20414.17132
3532,2942.2571
3533,13067.85364
3534,446.50521
3535,9393.90729
3536,371.7143
3537,3179.10965
3538,613.45797
3539,7093.95211
3540,7593.78185
3541,10030.97736
3542,1954.40762
3543,1008.17293
3544,26477.9565
3545,1911.88373
3546,2998.29
3547,36533.29364
3548,2005.04894
3549,1474.33127
3550,20812.85787
3551,12539.62998
3552,959.79493
3553,530.9467
3554,896.68334
3555,6684.23981
3556,852.83085
3557,3724.87684
3558,13204.51012
3559,417.03156
3560,1065.4131
3561,982.85259
3562,5138.19876
3563,334.13151
3564,1988.39837
3565,245.09109
3566,4282.06553
3567,490.90112
3568,783.64051
3569,827.61448
3570,3191.61807
3571,9328.29731
3572,1070.31872
3573,7194.10064
3574,192.0476
3575,1409.49206
3576,3246.97467
3577,4059.4402
3578,23296.23446
3579,290.42112
3580,15598.12222
3581,1071.26926
3582,5645.06168
3583,4635.46546
3584,3198.72386
3585,12277.12128
3586,5595.58082
3587,773.47934
3588,1647.25153
3589,846.6392
3590,6546.13151
3591,3643.68114
3592,2246.47312
3593,3070.41558
3594,947.29138
3595,1431.80943
3596,1959.32782
3597,631.00508
3598,615.11377
3599,1609.12381
3600,20908.78094
3601,11212.02475
3602,26845.41989
3603,26487.02842
3604,518.8757
3605,24140.10013
3606,2422.66075
3607,1353.46366
3608,60.78238
3609,11514.24399
3610,286.9244
3611,9225.63648
3612,607.68936
3613,455.00853
3614,1547.79769
3615,9144.87108
3616,852.79761
3617,1540.96755
3618,48376.52687
3619,3331.91834
3620,414.34197
3621,518.10859
3622,9198.04997
3623,334.97526
3624,864.94377
3625,221.19822
3626,38214.70998
3627,1995.22266
3628,935.53345
3629,2494.64993
3630,7871.66181
3631,2317.43287
3632,23034.64154
3633,8777.07076
3634,13325.27644
3635,6079.57639
3636,876.84019
3637,6586.27703
3638,13511.45188
3639,9702.89392
3640,478.4053
3641,11221.21202
3642,4203.32386
3643,362.53805
3644,1388.78376
3645,7555.11885
3646,655.4816
3647,28621.143
3648,1200.93502
3649,1194.97801
3650,1239.20519
3651,3646.04027
3652,1760.3278
3653,2551.11161
3654,4279.39354
3655,7521.01979
3656,1531.40754
3657,248.45293
3658,13866.81857
3659,1287.25244
3660,4581.89942
3661,502.93196
3662,2007.36621
3663,11907.88827
3664,811.84645
3665,447.49095
3666,2634.36672
3667,2125.69903
3668,924.57449
3669,685.6869
3670,7362.78408
3671,386.65758
3672,9051.36656
3673,18196.53867
3674,11727.22535
3675,2580.50544
3676,9578.84157
3677,474.37179
3678,1028.76793
3679,5895.90193
3680,27937.58917
3681,3756.81701
3682,351.34821
3683,3392.27921
3684,8199.52241
3685,790.21302
3686,525.31827
3687,536.3524
3688,656.30617
3689,4366.11084
3690,25443.43554
3691,1143.13081
3692,7850.20522
3693,29844.28269
3694,1722.08813
3695,1970.6156
3696,4793.39612
3697,5854.51742
3698,292.42573
3699,4352.28348
3700,457.20322
3701,586.02122
3702,6771.65269
3703,397.41029
3704,774.33798
3705,1822.19498
3706,7366.51176
3707,15488.89948
3708,12266.854
3709,10168.61379
3710,1253.93822
3711,2967.4783
3712,14934.21554
3713,4392.87728
3714,421.70877
3715,739.73799
3716,2352.97373
3717,43997.43638
3718,604.89416
3719,3310.54403
3720,1863.23539
3721,224.05846
3722,6711.74048
3723,371.10343
3724,2367.21019
3725,1679.77994
3726,1168.94694
3727,1395.53375
3728,963.99035
3729,527.98048
3730,2451.73315
3731,825.00704
3732,6403.00159
3733,1287.88012
3734,26883.3517
3735,1314.79084
3736,5130.40526
3737,5987.74646
3738,10847.23007
3739,2754.03402
3740,373.33154
3741,1698.07312
3742,15034.32621
3743,989.40686
3744,1133.89308
3745,9658.06719
3746,239.25732
3747,1765.76144
3748,409.4166
3749,16944.40478
3750,1541.58353
3751,18431.59891
3752,1234.62439
3753,3891.89046
3754,18389.21048
3755,252.11833
3756,2139.87335
3757,14468.01578
3758,2189.83516
3759,3923.53275
3760,931.61121
3761,1650.84373
3762,38329.21715
3763,5267.54677
3764,5565.05029
3765,4215.83314
3766,2927.41188
3767,1226.34873
3768,1246.77681
3769,8056.72328
3770,8049.38007
3771,5058.19382
3772,810.18618
3773,308.0003
3774,1577.61457
3775,12285.45461
3776,6509.54258
3777,629.7461
3778,70756.95183
3779,3121.70885
3780,1435.70638
3781,15927.37282
3782,1355.04871
3783,10806.90714
3784,50515.92019
3785,125.88381
3786,3840.8037
3787,581.66508
3788,780.05183
3789,5231.93119
3790,4399.08671
3791,3472.99192
3792,3570.34787
3793,680.63287
3794,15490.10696
3795,1979.87936
3796,9490.06469
3797,252.70516
3798,1632.38261
3799,10344.09038
3800,635.36891
3801,2284.83086
3802,163.33391
3803,2853.76749
3804,16507.92075
3805,499.73198
3806,4153.66597
3807,5553.82193
3808,2096.87385
3809,12721.61521
3810,933.78017
3811,5379.58351
3812,418.23202
3813,4303.34799
3814,10183.60788
3815,10621.39837
3816,8274.69562
3817,7971.43418
3818,596.10553
3819,25679.09736
3820,493.00308
3821,1207.04829
3822,12087.71064
3823,642.90169
3824,5964.21739
3825,22229.95636
3826,10937.04247
3827,471.02604
3828,3992.65125
3829,1057.24327
3830,476.80957
3831,1402.49515
3832,1063.82339
3833,482.7142
3834,228.22685
3835,7957.9845
3836,3659.26876
3837,2471.00037
3838,4044.15447
3839,303.15728
3840,8092.83794
3841,11560.46775
3842,288.51387
3843,4143.80182
3844,766.11932
3845,2127.59502
3846,1202.63323
3847,7817.09564
3848,211.29637
3849,754.70229
3850,13014.77386
3851,8708.73819
3852,7451.58073
3853,1199.40776
3854,7250.54473
3855,937.31164
3856,16703.07534
3857,2070.92672
3858,353.4354
3859,7255.33074
3860,287.39481
3861,582.37921
3862,2034.97101
3863,11463.38347
3864,434.94316
3865,5764.92849
3866,14713.25879
3867,7913.59974
3868,6543.47272
3869,116.88449
3870,10009.49086
3871,32059.56338
3872,10755.98199
3873,230115.87629
3874,13907.83486
3875,344.11801
3876,3973.66225
3877,2088.33372
3878,4679.49167
3879,1184.5563
3880,3872.1433
3881,11504.02102
3882,29030.74627
3883,9800.07266
3884,5041.57954
3885,555.89343
3886,10095.20412
3887,3454.78982
3888,868.69025
3889,2894.00935
3890,446.45618
3891,3069.46168
3892,2085.92755
3893,4883.72254
3894,946.27731
3895,211.53558
3896,3790.66637
3897,6875.20666
3898,44042.43351
3899,399.98998
3900,3221.89924
3901,2147.08077
3902,2422.36817
3903,542.91509
3904,1896.83971
3905,7903.83088
3906,1166.44881
3907,3505.68863
3908,5814.00107
3909,3588.55199
3910,127434.65628
3911,53692.68746
3912,3095.64412
3913,1788.72644
3914,275.25724
3915,3326.32401
3916,1540.04404
3917,450.48103
3918,4609.35609
3919,391.01882
3920,1208.54414
3921,931.35144
3922,7487.69942
3923,1008.23603
3924,78.22273
3925,231.27634
3926,735.5932
3927,871.47834
3928,60945.63789
3929,16344.73759
3930,37060.52374
3931,13657.90485
3932,1021.6343
3933,1793.59382
3934,3886.61245
3935,702.44636
3936,1417.74841
3937,5770.16549
3938,1541.52006
3939,309.86162
3940,2072.82735
3941,111.41274
3942,680.04239
3943,1065.78808
3944,748.21768
3945,7971.67488
3946,8930.7203
3947,1348.34872
3948,1370.63671
3949,1886.08842
3950,11125.41313
3951,54482.1472
3952,5869.63309
3953,3737.2402
3954,29975.77367
3955,733.98894
3956,1718.18432
3957,487.93329
3958,1934.22243
3959,1348.07561
3960,1665.29561
3961,361.74858
3962,334.4815
3963,1101.34777
3964,11121.60262
3965,6195.32977
3966,839.26374
3967,2093.5451
3968,983.97282
3969,808.66071
3970,1798.42606
3971,4545.84339
3972,622.42794
3973,876.54805
3974,843.79253
3975,4918.6065
3976,2405.51034
3977,11953.67096
3978,26923.58365
3979,9260.75073
3980,928.5976
3981,259.14808
3982,696.20854
3983,258.09191
3984,20497.22644
3985,321.92331
3986,227.29071
3987,337.43741
3988,2730.30915
3989,3885.57776
3990,8170.42332
3991,384.14954
3992,6061.45713
3993,2450.65394
3994,2424.23064
3995,609.22924
3996,2165.92201
3997,418.79194
3998,591.84954
3999,2275.51397
4000,5697.3598
4001,5827.02527
4002,916.72641
4003,1017.34828
4004,767.92618
4005,9500.22411
4006,1946.72343
4007,6246.09407
4008,5222.87431
4009,21018.896
4010,958.17868
4011,371.13358
4012,862.0048
4013,5200.24354
4014,396.10734
4015,4457.57475
4016,1007.46253
4017,13036.1831
4018,54170.844
4019,1065.79862
4020,3489.87382
4021,7009.16702
4022,906.10812
4023,7304.32332
4024,2805.4395
4025,1317.75858
4026,547.60296
4027,11936.73906
4028,299.47548
4029,7314.96136
4030,3354.85771
4031,580.29075
4032,1622.50931
4033,3386.85869
4034,10345.55559
4035,5159.78048
4036,13330.07614
4037,9884.47014
4038,1379.78985
4039,1517.60261
4040,2501.28581
4041,2586.99899
4042,804.84433
4043,802.66106
4044,824.35103
4045,1241.14828
4046,3760.33507
4047,3193.61788
4048,3660.41198
4049,579.53846
4050,2929.34263
4051,1605.29981
4052,771.72847
4053,682.45538
4054,885.62456
4055,868.51334
4056,12963.46103
4057,12779.16663
4058,15658.90092
4059,6964.91424
4060,478.56553
4061,1179.56801
4062,9813.11177
4063,3177.70154
4064,3228.5584
4065,565.71919
4066,9680.93026
4067,543.98734
4068,4469.95228
4069,3014.38317
4070,3037.27824
4071,3144.30897
4072,4358.07663
4073,7175.14873
4074,14090.09302
4075,5618.54078
4076,2784.64514
4077,137.46637
4078,12355.62122
4079,1394.74946
4080,978.79106
4081,961.06086
4082,518.51093
4083,278.54922
4084,53785.26337
4085,1048.77848
4086,622.35311
4087,8455.56012
4088,24228.70893
4089,4101.2679
4090,563.30317
4091,436.10276
4092,5270.40462
4093,1853.75807
4094,16974.51457
4095,784.02564
4096,10523.35766
4097,901.72492
4098,1256.98113
4099,516.72895
4100,4259.9247
4101,8591.95601
4102,29070.4253
4103,2628.02117
4104,24924.88414
4105,9755.611
4106,34480.5206
4107,25078.25057
4108,13361.00829
4109,3025.5574
4110,620.64273
4111,1641.09839
4112,20081.86269
4113,683.93761
4114,331.57478
4115,62824.57489
4116,597.43794
4117,11272.2109
4118,491.55265
4119,4976.00238
4120,300.61946
4121,1994.54696
4122,6184.03141
4123,168.98208
4124,3748.16074
4125,3847.23585
4126,12584.8013
4127,1840.92201
4128,799.24893
4129,1004.11536
4130,644.1067
4131,6487.56637
4132,920.2914
4133,10932.55224
4134,290.97984
4135,2129.93115
4136,1210.09764
4137,12598.64031
4138,3147.19471
4139,4784.84357
4140,999.75628
4141,4456.86514
4142,8413.10062
4143,952.90935
4144,2964.95267
4145,854.17232
4146,8228.70707
4147,13172.17574
4148,13271.54448
4149,658.9854
4150,1094.08078
4151,3395.77653
4152,2803.35648
4153,1642.0149
4154,3067.76865
4155,358.12211
4156,11110.34973
4157,8323.49054
4158,34281.73472
4159,10470.02042
4160,1270.11479
4161,1088.59583
4162,1715.32772
4163,1258.17756
4164,509.84508
4165,4888.70649
4166,3740.31486
4167,4616.05904
4168,1481.22786
4169,3147.02885
4170,83.3314
4171,1482.45218
4172,440.47777
4173,42617.51544
4174,7381.46163
4175,6034.75214
4176,8504.14696
4177,1649.6352
4178,402.98244
4179,3601.42362
4180,7324.38036
4181,395.24086
4182,9657.03865
4183,2596.29957
4184,161.92392
4185,9638.35301
4186,6259.4814
4187,798.52924
4188,1519.69939
4189,13330.41277
4190,1437.48165
4191,7043.94942
4192,6992.91702
4193,786.52688
4194,1429.13784
4195,1951.71536
4196,2808.2316
4197,1285.83493
4198,2031.40705
4199,771.25835
4200,1313.33218
4201,147.08034
4202,17921.50908
4203,112.84179
4204,478.48015
4205,3794.32028
4206,278.02704
4207,72151.18453
4208,1503.83297
4209,8200.42273
4210,15561.89132
4211,986.43155
4212,14520.1337
4213,858.16654
4214,1264.59818
4215,28317.53554
4216,262.42511
4217,1224.57737
4218,96437.78073
4219,1515.8632
4220,457.74192
4221,366.75486
4222,22710.86087
4223,41764.07619
4224,6116.79014
4225,619.82214
4226,5231.33955
4227,4973.22772
4228,27277.7871
4229,5433.56978
4230,734.29323
4231,3794.33486
4232,1233.21812
4233,177.91006
4234,66031.87765
4235,4040.35535
4236,10249.86973
4237,1624.39874
4238,13648.5207
4239,423.31247
4240,12508.93745
4241,1403.92258
4242,10186.69435
4243,39649.35109
4244,3081.72816
4245,8550.09292
4246,2259.08028
4247,5359.79463
4248,1123.96153
4249,411.93151
4250,1204.00926
4251,185.97823
4252,3365.70098
4253,1356.6885
4254,1326.71227
4255,11806.27887
4256,11492.05313
4257,1274.48089
4258,6833.03744
4259,4585.4248
4260,2054.03127
4261,718.97852
4262,27915.1446
4263,1386.93614
4264,1248.01629
4265,1587.61032
4266,26059.78344
4267,2486.92009
4268,846.14203
4269,783.17431
4270,2994.40303
4271,1773.99402
4272,986.69856
4273,15812.40664
4274,1080.83133
4275,614.55482
4276,7501.52375
4277,8893.04858
4278,22673.51319
4279,13058.24405
4280,585.54946
4281,1125.44833
4282,8003.58917
4283,1495.59329
4284,960.83877
4285,340.75489
4286,723.57806
4287,3643.1551
4288,2306.01237
4289,16883.90042
4290,779.24204
4291,10947.35054
4292,872.61533
4293,433.81498
4294,2844.57664
4295,14854.88445
4296,11089.08338
4297,834.77117
4298,3058.56182
4299,989.82573
4300,2671.19797
4301,4973.63181
4302,9029.96553
4303,1133.12706
4304,2774.23425
4305,40603.45093
4306,29890.12721
4307,1099.21494
4308,2464.33526
4309,431.78044
4310,1105.81039
4311,487.96169
4312,2051.5948
4313,2330.4728
4314,4855.36449
4315,1040.92647
4316,63425.33694
4317,6523.51605
4318,2458.10237
4319,1986.90891
4320,3010.58772
4321,1208.52423
4322,889.696
4323,430.83286
4324,27287.22294
4325,1793.86855
4326,8463.50154
4327,532.46894
4328,648.94151
4329,3502.94914
4330,654.79502
4331,15870.04699
4332,1081.8696
4333,3556.01936
4334,2215.35337
4335,1820.3073
4336,398.61095
4337,2678.92696
4338,318.76327
4339,3126.5488
4340,48390.81702
4341,1614.95402
4342,28317.53554
4343,377.76285
4344,11288.02667
4345,485.3102
4346,1742.68273
4347,1670.14432
4348,382.76417
4349,661.0743
4350,67474.7276
4351,17251.93702
4352,993.4219
4353,2049.19609
4354,8384.14105
4355,3608.07679
4356,23782.26029
4357,6364.13391
4358,2917.73236
4359,6345.62987
4360,763.99832
4361,4702.15565
4362,1287.82851
4363,996.02453
4364,2260.40395
4365,3144.0794
4366,1482.77937
4367,511.87273
4368,14643.81327
4369,32876.76636
4370,1070.38923
4371,389.18883
4372,8948.02424
4373,340.99311
4374,940.49602
4375,838.03493
4376,844.51269
4377,191.33537
4378,6872.29726
4379,463.52084
4380,774.51314
4381,14058.55343
4382,3934.63043
4383,2045.75434
4384,10904.90722
4385,89683.98968
4386,6955.2129
4387,1275.61205
4388,2352.83423
4389,10566.27639
4390,22302.2468
4391,2746.08231
4392,881.34383
4393,4711.87685
4394,1772.22048
4395,11121.24851
4396,877.55001
4397,2633.85915
4398,16602.51326
4399,6929.29329
4400,15103.36822
4401,1911.4545
4402,19436.56514
4403,799.07608
4404,3886.61245
4405,6375.03683
4406,774.28527
4407,420.28647
4408,1217.65719
4409,9323.3517
4410,1056.31561
4411,5423.85715
4412,3040.90868
4413,7024.21298
4414,21831.00143
4415,6361.66778
4416,1710.93477
4417,3990.67247
4418,5773.75878
4419,19801.21752
4420,9115.75436
4421,921.95052
4422,1301.34093
4423,4042.19455
4424,3537.47144
4425,4167.86208
4426,2179.41794
4427,1916.19082
4428,2054.03127
4429,2286.44198
4430,996.06937
4431,234.12303
4432,461.01077
4433,1735.23646
4434,25167.37372
4435,1881.89858
4436,52895.78867
4437,1610.97643
4438,6457.74314
4439,3082.3305
4440,6609.78858
4441,2005.80308
4442,504.78994
4443,456.45862
4444,801.76397
4445,622.98892
4446,958.84486
4447,422.77947
4448,20094.65521
4449,5405.28507
4450,12430.28229
4451,17518.59526
4452,7754.32519
4453,1695.67346
4454,1222.31326
4455,4317.91583
4456,1163.75666
4457,8857.50976
4458,7260.64206
4459,1979.71415
4460,2627.40663
4461,12582.02428
4462,1831.82366
4463,15763.81755
4464,20507.3112
4465,19047.29538
4466,2407.0493
4467,149.96531
4468,5472.85894
4469,1027.85962
4470,6900.49966
4471,11260.8798
4472,992.5279
4473,3637.44753
4474,31332.22452
4475,6000.26384
4476,1041.45234
4477,25398.61014
4478,1794.34427
4479,3123.05272
4480,8742.02902
4481,301.25899
4482,2453.40405
4483,1878.7636
4484,1556.38735
4485,15260.05433
4486,1149.00534
4487,837.82608
4488,13524.64664
4489,3186.92756
4490,1734.92117
4491,3497.7358
4492,1981.29067
4493,29935.582
4494,44579.58964
4495,1363.14928
4496,23402.60087
4497,25910.93846
4498,4455.57591
4499,1208.13816
4500,2766.82413
4501,5321.61221
4502,1837.16833
4503,1655.78762
4504,662.06617
4505,2291.66835
4506,4838.34058
4507,16309.45831
4508,39469.40211
4509,1421.66016
4510,749.38637
4511,1036.93573
4512,2358.99444
4513,15964.48969
4514,4293.39
4515,619.08215
4516,15090.2403
4517,2256.49845
4518,730.48326
4519,13864.16964
4520,1379.09466
4521,2455.18525
4522,6504.22009
4523,3008.27475
4524,1851.29897
4525,16588.81081
4526,37090.24
4527,1982.36995
4528,915.24801
4529,131.31202
4530,28508.51866
4531,2396.71558
4532,5753.20525
4533,6989.20189
4534,22796.15068
4535,5091.89707
4536,3480.34201
4537,168.23612
4538,944.81868
4539,6873.78388
4540,2698.8563
4541,18698.5183
4542,6635.13227
4543,744.03069
4544,5905.19217
4545,9908.58716
4546,10703.88643
4547,1274.35216
4548,25576.89858
4549,4360.15381
4550,2016.55473
4551,5546.51236
4552,1235.00401
4553,27089.90272
4554,1581.54191
4555,394.19792
4556,1478.08832
4557,545.3655
4558,7429.53149
4559,409.09712
4560,1579.29565
4561,28753.68458
4562,2046.80132
4563,1887.46603
4564,2373.30772
4565,39605.62423
4566,3015.30174
4567,433.84499
4568,1191.50617
4569,826.52478
4570,12259.0313
4571,666.17872
4572,12018.59041
4573,440.84137
4574,1185.23541
4575,485.13413
4576,8349.38453
4577,1406.14556
4578,45906.15898
4579,10534.59435
4580,7405.45755
4581,11212.02475
4582,7849.62775
4583,879.38115
4584,2050.9045
4585,257.14393
4586,13840.99029
4587,2011.6377
4588,483.91295
4589,26431.04732
4590,1716.41476
4591,2952.23029
4592,762.41498
4593,2109.58396
4594,20772.81465
4595,22965.17077
4596,883.6504
4597,2904.77723
4598,5789.12675
4599,8267.97525
4600,7347.96079
4601,907.60514
4602,19999.19505
4603,3625.81237
4604,3473.93773
4605,4470.47745
4606,512.26011
4607,810.92663
4608,19665.62926
4609,38839.35618
4610,496.52129
4611,1283.00528
4612,4087.76535
4613,871.77405
4614,2575.59861
4615,1688.67648
4616,2119.87686
4617,16920.38513
4618,3639.61679
4619,1569.47115
4620,3798.23835
4621,259.14424
4622,2111.54557
4623,1679.32629
4624,1890.44948
4625,1751.96821
4626,379.29895
4627,32749.08605
4628,8239.03577
4629,10152.05885
4630,334.12381
4631,1867.98144
4632,416.71734
4633,19203.82152
4634,777.32236
4635,8107.04068
4636,2160.32409
4637,11909.54883
4638,252.18463
4639,3356.72391
4640,231.08179
4641,1596.78292
4642,190108.57775
4643,13676.24203
4644,6192.4463
4645,786.72596
4646,35313.61367
4647,1274.48089
4648,25259.17084
4649,2618.40714
4650,6204.11084
4651,23284.72707
4652,9078.53806
4653,7309.68655
4654,992.85597
4655,3695.16121
4656,52573.11176
4657,44148.80153
4658,6579.6744
4659,10552.85059
4660,12151.18319
4661,13481.38515
4662,3116.83018
4663,8754.72729
4664,5910.22563
4665,544.87202
4666,1486.78158
4667,647.80036
4668,3232.46183
4669,6106.71776
4670,1896.21398
4671,18775.74769
4672,33140.28037
4673,9269.88093
4674,1691.34756
4675,1598.88376
4676,158.35384
4677,7162.72013
4678,1725.89754
4679,1804.98477
4680,11528.27268
4681,206.65135
4682,8821.0427
4683,566.30025
4684,3322.47867
4685,4477.13082
4686,9264.98155
4687,49626.04961
4688,6083.19204
4689,7328.6639
4690,4943.22091
4691,40248.14462
4692,21372.22413
4693,6379.60916
4694,1897.56566
4695,10158.04631
4696,947.64091
4697,977.12566
4698,7861.24554
4699,662.40863
4700,15275.39277
4701,295.27101
4702,1151.58623
4703,6461.21124
4704,9554.37838
4705,311.34629
4706,11819.76788
4707,2257.93588
4708,19092.29077
4709,745.32663
4710,24348.63444
4711,1105.85775
4712,2385.66649
4713,863.39719
4714,197.68123
4715,1248.66803
4716,8327.95607
4717,1091.86431
4718,3559.68158
4719,146.00979
4720,590.41127
4721,1103.31029
4722,1922.01588
4723,644.25947
4724,2491.74005
4725,12077.88024
4726,475.91833
4727,14873.3589
4728,20413.4765
4729,1602.94677
4730,2258.40324
4731,257.43377
4732,267.87667
4733,2961.91044
4734,3943.63724
4735,2723.81772
4736,1006.55258
4737,8280.27586
4738,721.60612
4739,24336.60721
4740,3007.69019
4741,16044.60173
4742,2956.00572
4743,2183.51605
4744,884.81542
4745,4873.25618
4746,10494.45414
4747,1014.42983
4748,175.24636
4749,1808.68957
4750,288.57755
4751,829.46391
4752,225.05725
4753,5855.67779
4754,8511.28357
4755,1184.59857
4756,4339.26451
4757,2740.18662
4758,2880.24073
4759,10336.47239
4760,233.94624
4761,984.27915
4762,23599.27052
4763,4827.47852
4764,969.54235
4765,645.68463
4766,1264.61623
4767,4426.57774
4768,595.60015
4769,7115.83745
4770,322.36685
4771,384.65263
4772,344.87601
4773,8755.5588
4774,798.59499
4775,11384.82579
4776,228.89827
4777,3728.75595
4778,1349.64101
4779,678.78245
4780,698.72262
4781,63143.71972
4782,645.04017
4783,625.75917
4784,26659.6647
4785,4157.24298
4786,13453.46792
4787,19795.84824
4788,1555.13782
4789,1421.78894
4790,7000.51846
4791,13295.97436
4792,5429.78578
4793,237.05641
4794,21724.66875
4795,2984.79529
4796,1385.01798
4797,8386.6407
4798,7740.2262
4799,239.28951
4800,5316.98372
4801,749.43122
4802,5220.92208
4803,405.50145
4804,1088.97119
4805,686.6697
4806,6153.26549
4807,1944.04068
4808,407.5079
4809,470.01194
4810,3094.10311
4811,6983.49104
4812,3598.90369
4813,9610.45564
4814,1016.41768
4815,22403.97645
4816,469.87495
4817,691.9482
4818,444.66032
4819,1580.48563
4820,1186.59674
4821,4940.69779
4822,1757.54875
4823,2695.65939
4824,15605.48818
4825,1494.49431
4826,281.79887
4827,1115.09723
4828,1336.80737
4829,2038.84787
4830,24793.57113
4831,1390.05223
4832,531.67998
4833,16080.49099
4834,41328.94599
4835,2459.37118
4836,17751.64037
4837,392.30675
4838,24401.67849
4839,1652.02957
4840,297.17153
4841,15219.94564
4842,2018.94848
4843,1363.58114
4844,2784.93867
4845,10032.76172
4846,596.74041
4847,1692.78086
4848,1594.5334
4849,153.69039
4850,13834.45719
4851,23511.00173
4852,594.83879
4853,288.14158
4854,5717.08607
4855,2835.52902
4856,28538.14494
4857,1399.5586
4858,2846.44025
4859,304.20123
4860,2763.92905
4861,772.97547
4862,1390.41247
4863,20919.941
4864,122.96379
4865,498.6131
4866,8167.36934
4867,1887.46603
4868,1069.59036
4869,572.14692
4870,1943.7056
4871,322.11282
4872,806.89931
4873,8307.02495
4874,1650.12068
4875,19554.50789
4876,297.94092
4877,21039.90736
4878,1351.03319
4879,670.00263
4880,667.25736
4881,1759.67755
4882,49348.88664
4883,16383.33074
4884,338.44945
4885,24506.44522
4886,28933.85035
4887,13622.12681
4888,5761.62219
4889,3171.17164
4890,3341.54075
4891,1452.60815
4892,284.79361
4893,17682.93303
4894,6453.04042
4895,62072.48494
4896,1264.78564
4897,776.28225
4898,458.28604
4899,512.51243
4900,470.01194
4901,7087.8794
4902,86.15062
4903,2366.21365
4904,8251.73273
4905,27445.75183
4906,1445.00369
4907,488.37708
4908,15109.00745
4909,117.20146
4910,219.01934
4911,4171.3872
4912,425.64182
4913,8929.49469
4914,426.56183
4915,4273.79179
4916,842.50621
4917,17410.61888
4918,547.21499
4919,1618.62684
4920,11899.48442
4921,2527.17789
4922,90.9717
4923,1419.74931
4924,1115.73712
4925,36838.69244
4926,5629.98033
4927,13127.38939
4928,9320.05608
4929,3741.45465
4930,553.39845
4931,17763.72863
4932,559.8589
4933,4998.89754
4934,5025.62954
4935,22351.44627
4936,2134.10608
4937,65188.62055
4938,233.05317
4939,1064.96985
4940,734.83844
4941,615.76517
4942,28188.18047
4943,38973.70334
4944,7364.23531
4945,2554.81023
4946,1598.60553
4947,1457.21434
4948,6250.07981
4949,46465.28047
4950,4370.52098
4951,477.60755
4952,1118.81251
4953,10622.29637
4954,800.49953
4955,4094.41328
4956,856.44963
4957,459.04647
4958,1426.84404
4959,53.37581
4960,667.04567
4961,21716.53647
4962,878.41181
4963,3440.26776
4964,985.11164
4965,998.00919
4966,4255.26873
4967,273.33836
4968,29982.02763
4969,864.64325
4970,1120.08279
4971,3308.78705
4972,358.61572
4973,45302.75273
4974,7421.68015
4975,3929.1564
4976,8985.05079
4977,5482.33426
4978,7978.31208
4979,7698.81821
4980,2129.99663
4981,1193.38233
4982,2460.90542
4983,1483.15387
4984,930.57715
4985,3322.47138
4986,1206.71568
4987,49897.75618
4988,1293.3577
4989,4380.74684
4990,11404.24242
4991,8264.98463
4992,1070.37336
4993,3599.78695
4994,1584.31052
4995,12916.732
4996,14383.67348
4997,53337.50068
4998,1870.04277
4999,1104.89107
